graph_id,vertices,remove_ratio_target,run_id,hop_key,use_reduction,rep,apsp_sum,flow_score,elapsed_sec,orientation_bits
v100_s0_p0,100,0.0,v100_s0_p0__h3__red__r3,h3,True,3,1.6743702512122434,70.0,1.1349153749761172,10101010111101010110101110010101110010010001010111001001010001010001001010111001011101011111100101001011100101011111100000011000011
v100_s1_p0,100,0.0,v100_s1_p0__h2+3__red__r0,h2+3,True,0,1.6717886500576946,70.0,0.8281051249941811,01010101000010101001010001101010001101101110110101110110101110101000101000000110100011010111011010111010100011010100011001100001100
v100_s2_p0,100,0.0,v100_s2_p0__h2+3__red__r0,h2+3,True,0,1.6776123219197148,70.0,1.0955321249784902,10111101010101010110101111110101110010010001001010001001010010111111001010111001000101011111100101000101000101011111100110011000011
v100_s3_p0,100,0.0,v100_s3_p0__h2+3__nored__r3,h2+3,False,3,1.6916006881156713,70.0,1.8088220420177095,01000010111101010111010100010101110010010111010111001001010001010001010111111001011101011100101011101011100100101000011000011110000
v100_s4_p0,100,0.0,v100_s4_p0__h2+3__red__r4,h2+3,True,4,1.6836518170979093,70.0,1.260651541990228,10101010111101001000101110010101111110010001001010001001010001010111001010111001011101011111100101000101000101011111100110000000011
v100_s5_p0,100,0.0,v100_s5_p0__h3__red__r3,h3,True,3,1.681643676518145,70.0,1.1413083749939688,10111110111101001000101110010010101110010001001010111001010010111111010111111001000101011100100101001011100100101011100000011110011
v100_s6_p0,100,0.0,v100_s6_p0__h3__nored__r4,h3,False,4,1.684961043432292,70.0,1.7307677090284415,10101010111101010110101110010101110010010001001010001001010010111111010111111000100001011101011111111011100101000100111000011000000
v100_s7_p0,100,0.0,v100_s7_p0__h2+3__nored__r2,h2+3,False,2,1.6897535143020685,70.0,1.8630882909637876,10101001000000010110101111111010000001110001001000110110101001010111110101000111011100101010111010100101011100010100011110000001100
v100_s8_p0,100,0.0,v100_s8_p0__h3__red__r3,h3,True,3,1.6863819268872011,70.0,1.1798922500456683,10101001010101010110101111110010100010010001010111111010111010111001010111001001000101011100100101001011100100101011100000011111111
v100_s9_p0,100,0.0,v100_s9_p0__h2+3__nored__r3,h2+3,False,3,1.696255448058739,70.0,1.824654083000496,10111101010101010110010010100010100010010111111010111010111001010111010111001001011101011101011111100101000101000100100110011001111
v100_s0_p10,100,0.1,v100_s0_p10__h2+3__nored__r3,h2+3,False,3,1.969922046735893,44.0,1.2215395419625565,0101010101011111111001010000010000010000101001010111111110111001000101101000101111111100101010000101010100110000000011
v100_s1_p10,100,0.1,v100_s1_p10__h2+3__red__r4,h2+3,True,4,1.9975070196550402,44.0,0.6748440839583054,0100001010100001001100000101010111000111011101110011111001111111001001010100000001001010010111110111111100000000001111
v100_s2_p10,100,0.1,v100_s2_p10__h2+3__red__r2,h2+3,True,2,1.974886476497557,44.0,0.695068083005026,1011111101111010000101011001000110110101000100110100111101011001010000001000001011000010101000000111101100111111111111
v100_s3_p10,100,0.1,v100_s3_p10__h2+3__nored__r0,h2+3,False,0,2.044986234919481,44.0,1.0060533750220202,0100000000100100000110110001010110010111010010100010100000111110001000010010101101101111000011000100111011001111000000
v100_s4_p10,100,0.1,v100_s4_p10__h3__nored__r4,h3,False,4,2.0773922338388915,44.0,1.1147552090114914,1010101011111011110011100010100100110101000100010010001011110000111001010101001001010111001110011011101011111100001100
v100_s5_p10,100,0.1,v100_s5_p10__h2+3__nored__r1,h2+3,False,1,2.0381418466490495,44.0,1.028829415969085,0101010101010101011110011100110101000100111010000001110100000111110101000101000010110111111011110000010100000011000011
v100_s6_p10,100,0.1,v100_s6_p10__h2+3__red__r2,h2+3,True,2,1.898597627536385,44.0,0.6962290840456262,0100001010101010111010001000110001000111011010110101101010000011000111101100000011010101111101101111100111110000000000
v100_s7_p10,100,0.1,v100_s7_p10__h2+3__nored__r4,h2+3,False,4,1.9409960800423545,44.0,1.4177133330376819,1011010100001011111000010101011111110011101010000101001010011100001110111001101010000000010100000011011011111111111100
v100_s8_p10,100,0.1,v100_s8_p10__h4__nored__r0,h4,False,0,2.063989670887014,44.0,1.9514480410143733,1011111110110111110000010000000011110101000000000101000111010101100111001001110101111010101111101110010111000000000000
v100_s9_p10,100,0.1,v100_s9_p10__h3__red__r0,h3,True,0,2.1233661395812464,44.0,0.5712780000176281,0100100000100000100111101111110111001010100000101000111010110101100000001000110000111110110011100000100000111111111111
v100_s0_p30,100,0.3,v100_s0_p30__h2__nored__r4,h2,False,4,2.6720701198294434,14.0,0.6677001250209287,0100001011111111110000001000000001111010110010101111011011110001000010001011111111101000000111111111111
v100_s1_p30,100,0.3,v100_s1_p30__h3__nored__r3,h3,False,3,2.4649057729210018,14.0,0.7808030830346979,0100100001000000011111011011100010111011011110100000111111110001000000100111111000010111111111111000000
v100_s2_p30,100,0.3,v100_s2_p30__h3__nored__r3,h3,False,3,2.597496674452979,16.0,0.8456948749953881,10111111011111110000100001000011101001100110001110011000010000010000101011111111101111010000110000001111
v100_s3_p30,100,0.3,v100_s3_p30__h2+3__nored__r2,h2+3,False,2,2.7398603141312377,14.0,0.7434515419881791,1011110111101000000100000101000010110000101101000101000011000000101100110111011110011101111111111110000
v100_s4_p30,100,0.3,v100_s4_p30__h2+3__nored__r4,h2+3,False,4,2.7665958625462093,12.0,0.7648364580236375,010101111101000011010101000100001010011010110100010001000100000101000100101111111111110000111111111111
v100_s5_p30,100,0.3,v100_s5_p30__h2__red__r4,h2,True,4,2.5005817153364527,18.0,0.21940199995879084,101101101111010000001001001111000001001100011111110000100000000001010010111011011111100000000111111111111
v100_s6_p30,100,0.3,v100_s6_p30__h2__nored__r0,h2,False,0,2.48193491615029,18.0,0.7316345410072245,010000100100000100111010110011011010001100110011101111001100001010111100110111010010011110100000000000011
v100_s7_p30,100,0.3,v100_s7_p30__h2__nored__r2,h2,False,2,2.7100745490084623,16.0,0.7731621250277385,01010101010111010011001100100110001100000100110111010110011000100000000010010111100000111111111111000000
v100_s8_p30,100,0.3,v100_s8_p30__h3__nored__r4,h3,False,4,2.4911416718775055,16.0,0.6279456669581123,01000000100000001111011111110001011001111110100011111101111111010111100001000010010001001100000000110011
v100_s9_p30,100,0.3,v100_s9_p30__h2+3__nored__r0,h2+3,False,0,2.6631555105946196,12.0,0.7230022919829935,010000000101010011110111101100010110100001101000001010000110001010011001001111001100010000110011111111
v100_s0_p50,100,0.5,v100_s0_p50__h3__nored__r1,h3,False,1,2.6258649150526834,14.0,0.6818769159726799,1011111111111111001111101000000010000100110010100000011011110001000010001011111111101000000111111111111
v100_s1_p50,100,0.5,v100_s1_p50__h2+3__nored__r4,h2+3,False,4,2.4613846795139653,14.0,0.840974582999479,0100100001000101111111011011101110111011000000010000111111001101000000100110011000010001111111111000000
v100_s2_p50,100,0.5,v100_s2_p50__h2__red__r0,h2,True,0,2.6325839027241806,16.0,0.22471308300737292,10111111011111110000100001000011101001100110001110011000010000011100101011111101101111010011110000000000
v100_s3_p50,100,0.5,v100_s3_p50__h2+3__nored__r2,h2+3,False,2,2.7413152119300457,14.0,0.7947459580027498,1011111110101000000000110101000010000000101101001001000011000001001100110111000110011101111001111110000
v100_s4_p50,100,0.5,v100_s4_p50__h3__nored__r4,h3,False,4,2.766595862546211,12.0,0.6929146249894984,010101111101000011001000000100001001100100010100011101110100000101000100101111111111110000111111111111
v100_s5_p50,100,0.5,v100_s5_p50__h2__red__r3,h2,True,3,2.4966970294755724,18.0,0.2709745829924941,010010010000101111110101110000111110111111100000001111011111111110101101000100100000011111111000000000000
v100_s6_p50,100,0.5,v100_s6_p50__h3__nored__r4,h3,False,4,2.470510072971203,18.0,0.8266104999929667,101111011011111011000101001101011101110011010010010000110000110101000011001000101101100000100111111111111
v100_s7_p50,100,0.5,v100_s7_p50__h3__nored__r1,h3,False,1,2.607501840213304,16.0,0.8018651659949683,10101001000000101100111111011001110011111011001000110111100111011011000101101010011111000000000000111111
v100_s8_p50,100,0.5,v100_s8_p50__h2__nored__r2,h2,False,2,2.4521695062465994,16.0,0.6586262079654261,01000000100000001110100111110111011111111110000011111101111111010111100000001010010010110011000000000000
v100_s9_p50,100,0.5,v100_s9_p50__h2__nored__r1,h2,False,1,2.656972766957233,12.0,0.7004004170303233,101111111010101100001000010010001001011110011111110101111001110101100110110000110011101111001100000000
v200_s0_p0,200,0.0,v200_s0_p0__h2+3__red__r3,h2+3,True,3,1.592394129812833,160.0,4.753381915972568,10111110111110111111110111110101110010100010101110010010010001010111010111001001001010010111001010001001001010111001000101011100101011111101011101011100100101000101011100100100010101111110101110010101110101110010101110101111110010010001001010001010001010111111001111001100000000
v200_s1_p0,200,0.0,v200_s1_p0__h2+3__nored__r3,h2+3,False,3,1.5980079139313654,160.0,6.474722666025627,10101001000010110111110101000001011101101010001010001101101000110101000101000110101000110110101110101110110101110110100000010100011010100010100011010100010100000010100010100101011101011101101011010001110001101011101010001011110010001000000101000101000101010111111100110011001100
v200_s2_p0,200,0.0,v200_s2_p0__h3__red__r4,h3,True,4,1.593556108649197,160.0,4.6668066249694675,10101010110111101010101001000101110010010101110101111110010001001010111010111001010111001010111001010001001010001000101000101011100101011101011111101011100100101000101001011101110010010101110101110100010101111111110101110010100010010001010101010010111111001010001100110000001111
v200_s3_p0,200,0.0,v200_s3_p0__h3__nored__r4,h3,False,4,1.5991525403986975,160.0,6.353340041008778,01010110101010110110111110111101010001101101010001010001101000110101000000101000110101101000000101000000110101000000111011010111011011010111011111010100011011010100011010111010001010000000001101010001011101011101101010000001101011110001101000000110101000000000000011111100111111
v200_s4_p0,200,0.0,v200_s4_p0__h3__nored__r4,h3,False,4,1.5834868112868912,160.0,6.288887165952474,01010111111101010111110101001100010010010100010101011101101000001010111001010001010101101010111010111111001010001001011101011100101011111101011101011100100101000101011100011100010010101110101110001010000101111110101110101111011101110001010111001010001000101000000000001100000011
v200_s5_p0,200,0.0,v200_s5_p0__h2+3__red__r4,h2+3,True,4,1.5867191161450473,160.0,4.663425915990956,01001000001000010101010110111010000001101101011101010001101110110110101000101000110101101000000000101000101000000110111011011010111010111011010111010100000011010111010100011010001010000000001010001101011101011101010000001101010001101001110101110110110101101000111111111100000011
v200_s6_p0,200,0.0,v200_s6_p0__h3__red__r3,h3,True,3,1.582245806656334,160.0,4.561955374956597,01010110101000010101010101001010000001010000001101011101101110110101110110110101101000110101000110101000000101110110100010100000011010100010100011010111011010100010100011011010001010000001010001010000001010001101010001010001101101101110110101101000101000000000111100111111111111
v200_s7_p0,200,0.0,v200_s7_p0__h4__nored__r3,h4,False,3,1.5851771739168132,160.0,9.572797625034582,10110110111110111110111110110101010101010010000010000001110001010001000110110111110101010111101110110101001000000111000100101010100011011111010101011111100010100000100000011100010001010101111101111101010001010101110010000010000001110110111000110111110111110101000000000000000000
v200_s8_p0,200,0.0,v200_s8_p0__h4__nored__r3,h4,False,3,1.591128349375398,160.0,9.81487520801602,10110111110110111110111110110101010000000010000010000001110001110101000110111110111101010111101110110101001000001111000100101000100011111101010101011111101011100100100000011100010101101010010101101101010001010000001101110010000001110110111110111001110111110101000000000000000000
v200_s9_p0,200,0.0,v200_s9_p0__h2+3__red__r4,h2+3,True,4,1.575476051235377,160.0,4.783356709056534,10111101010111101001000001000101111110010010101110101110010001001001010111010111001010001010111111010111010111111001011100101011100101000100101001011111100100101000101011100100010101111111110101110101110101110010010101110101110101110001010101010001010001010001001100110011001100
v200_s0_p10,200,0.1,v200_s0_p10__h2+3__red__r3,h2+3,True,3,1.879742874731486,104.0,2.3064817079575732,1011011111011111011111011110100100000000010100000100100011101101101001110101110101100000001010001000100100011011001001111100110010110111111100001000010010000000100101001010010100010000101111110001101011100010110111001010111110111010000000110000001111
v200_s1_p10,200,0.1,v200_s1_p10__h3__red__r1,h3,True,1,1.8624258750698994,104.0,2.25461704202462,0101011110111111010001011110101010000010111011101011011000110010010101111000111010100010100110101110011100101001101000010001010000101110001101100001000010010111101110111110101111110000111100101011100101011101100010001101110001010001000000000000001100
v200_s2_p10,200,0.1,v200_s2_p10__h2+3__red__r0,h2+3,True,0,1.849896397966889,104.0,2.1877421249519102,1010101011010100000100000000010110000001010101111011001000010100000110101101111101001110101110100100000111000111111001110010000100001001001100101101011000100011100100000011010111011001010111111101101011101011011100001100000011011101111111111111000000
v200_s3_p10,200,0.1,v200_s3_p10__h3__red__r2,h3,True,2,1.8790127460286,104.0,2.2944050839869305,0100100001011101001000010111101101001010111111010001000100111010001010010100110101000100010011111000101000110110111010000111010111011000000010100010001101101110101001000110110101010101101001111111100001100011101100111111101110011001000000000000000000
v200_s4_p10,200,0.1,v200_s4_p10__h2+3__nored__r3,h2+3,False,3,1.854808235483996,104.0,3.867706209013704,1011111011011111010010101101010101001010101101110010010000110101110011101001010010101110010010000001100001000101111111101010010111111000010001101111111011110101001010000000010000000111110111010101010101101101001001111100011111001000111111111111111111
v200_s5_p10,200,0.1,v200_s5_p10__h2+3__red__r1,h2+3,True,1,1.8182249740985728,104.0,2.3465691250166856,1011110101010110111110111100001001100010011101000111011011101011000100110000000010010011001010010000101111111100011010111011010010101101010000001101011100100011010111000100111111010111001010111110010101111100010101000001000101000001000011000000000000
v200_s6_p10,200,0.1,v200_s6_p10__h3__red__r3,h3,True,3,1.8391332113053507,104.0,2.217442207969725,1011011110100100001010100100000010010101111000111110010010111111011110010001000001000000000010111011100010101111101001001110010101010001011101000110011000011101101111010100010110101101010010100010101010111000100110001100011000110110111111111111111111
v200_s7_p10,200,0.1,v200_s7_p10__h3__red__r3,h3,True,3,1.8409202391742268,104.0,2.2262404580251314,1011011101010110111110111110010000111000010100100000100010001100101000110111111110110101000101111100100101101010010111001001010111000001101110011111100010001001000000110010011011111111101010011111110101001000111011000100001010111111111111111111000000
v200_s8_p10,200,0.1,v200_s8_p10__h2+3__red__r2,h2+3,True,2,1.873108924646065,104.0,2.293904834019486,1011011111110101011011110100000001010111010011011100101101101011010000000111011101001000111010100001001110001000001010001100110000101110110001010010000000100101010100000011110110100100010110101010111101100010010111111001100100011010000000111111111111
v200_s9_p10,200,0.1,v200_s9_p10__h2+3__red__r2,h2+3,True,2,1.8339231148763278,104.0,2.3890962909790687,1011011111011111111010010001001000000001001000101110001000110110111111100110110010100001010101111101111101100101000111111110101011111000000000101111110001110110101010000000000100000010111001110111100010101101110001001011110011001001001111000011111100
v200_s0_p30,200,0.3,v200_s0_p30__h3__red__r0,h3,True,0,2.7396123439340903,26.0,0.2715114589664154,0100100000001011111011111011011111100110000111011010000101111110100001111111001110100111011010011110000011001000001000010011001000100001011110110011011011111011111111001000100011010000001011010000000111111111111
v200_s1_p30,200,0.3,v200_s1_p30__h2__red__r0,h2,True,0,3.180766247771742,24.0,0.2116565839969553,010101110100000000000000110000110110101111000001010011010100100110111111100110000101000110101100111001000000001111000101110000000001111010001001010111111111111111100000000001001111111111101110111111111111111111
v200_s2_p30,200,0.3,v200_s2_p30__h2+3__red__r1,h2+3,True,1,2.983676065247548,32.0,0.47164754202822223,1011111111010000000000100000001111110000001100101001001011001000010010011100110011010110010001010111001100001110100111111100101001110100111010011011100100110011101101011001101101110000110000001101111111111111000000
v200_s3_p30,200,0.3,v200_s3_p30__h3__nored__r2,h3,False,2,2.5435230527225645,26.0,1.7404927499592304,1011110111111111111111000000101010000100000111011000100110101101001001111001100110000111010111100111011110000001111111100100111110000000101111010100000000001001000000110000010111100101111011010000000000000001111
v200_s4_p30,200,0.3,v200_s4_p30__h2__red__r4,h2,True,4,2.7419171192803,30.0,0.32370779098710045,101101110100000101111011010010011011111011011110001111000101101001000100100000000000001010001001111110000000011011001111000000001100010100001111011111001011111100110101010000101111110000111111010000000111100000011
v200_s5_p30,200,0.3,v200_s5_p30__h4__red__r0,h4,True,0,2.7227905560423795,32.0,0.6615992920123972,1011110101001000010000000000100101101111110110010110111110011111001100000111100111111000010110100000000100110100000110110000101111111010110001100010010000001100001101101101111100011111101001111101000000000000000000
v200_s6_p30,200,0.3,v200_s6_p30__h2+3__red__r1,h2+3,True,1,2.610578613091289,32.0,0.5019677910022438,0100000100000100000010111111001001101011000011011011001011001111101111111110000001111111101111011110111001010100111101101011001010111100011001110110011110100001100111100111111101101110011110000001000000000000000000
v200_s7_p30,200,0.3,v200_s7_p30__h3__red__r1,h3,True,1,2.7765787181818706,36.0,0.47070425003767014,010000000001000001001000011111100110000110110010111101100100110101110101101101111111100111001001101000001001101001100001100110000011010010100001100110000011001101100010011011011010010011011101101101111111111111110000
v200_s8_p30,200,0.3,v200_s8_p30__h3__red__r1,h3,True,1,2.430691675903559,36.0,0.45275441696867347,101111011111110111111111000100110110101001001110110001001001000110010101011010001001100011101001001010000110010000000110110010111111110010011010111100000101000010100100111100111101111000000010000101000000000000000000
v200_s9_p30,200,0.3,v200_s9_p30__h2__red__r2,h2,True,2,2.9015077912417717,28.0,0.3231822910020128,10110111111111101001000001001001111111101101100100010010011111101110000000111010100001111110101001001011011001010100100000010101100111000111100010110011010000001111011001001110111101000011011001000000000000000000
v200_s0_p50,200,0.5,v200_s0_p50__h2+3__red__r0,h2+3,True,0,2.7396123439340903,26.0,0.26887537498259917,0100100000001011111011111011011111100110000111011010000101111110100001111111001110100111011010011110000011001000001000010011001000100001011110110011011011111011111111001000100011010000001011010000000111111111111
v200_s1_p50,200,0.5,v200_s1_p50__h3__nored__r2,h3,False,2,3.071021161607383,24.0,1.2826245420146734,101010001011111111111011001111010101010000001110101100001011011001000000011001111011011001010011000101001100110000111001110011111101000101101001001000011000000111111111101101000000000000101101111111000000000000
v200_s2_p50,200,0.5,v200_s2_p50__h3__nored__r3,h3,False,3,2.7944575090389283,32.0,1.5576168340048753,1011111111010000010000000000001111110011110000101001001011001001110010010000110011010110010001110111001100001100101011111100101010111000001111011011101000000000101100101010010010000000110011000010000000001111111111
v200_s3_p50,200,0.5,v200_s3_p50__h3__nored__r1,h3,False,1,2.531970696830752,26.0,1.582327666983474,0100010101000000000000111100010010001011111001011111010110110010110001111111100001111001010111111111011111100001111111100100111101000000101111010100000110001001000000110101101000000101111011001111100000000001100
v200_s4_p50,200,0.5,v200_s4_p50__h2__nored__r1,h2,False,1,2.8287683342753938,30.0,1.4440132500021718,101010001011111010000100001101100100000100101101110000111010001010001011011111111010010101101110000001111111100111110000111111110011010100000000100100110111111100000110010011101111110000110000001000000111111111100
v200_s5_p50,200,0.5,v200_s5_p50__h2__red__r1,h2,True,1,2.6054584529274996,32.0,0.3390607089968398,1011110101001000010000000000100101101111110110010110111111010011001100000111111110000000010110100001011011000100000101000011101111111010101110000010010000001111110101101010000100011111101000000010000000000011111111
v200_s6_p50,200,0.5,v200_s6_p50__h2+3__red__r2,h2+3,True,2,2.603215080061684,32.0,0.5023383329971693,0100000100000100000010111111001001101011000011011011001011001111101111111110000001111111010011011110111001010111010101101011001010111011100001110110011110111110000111100111111010010000011110000001111111110000000000
v200_s7_p50,200,0.5,v200_s7_p50__h2__red__r1,h2,True,1,2.7452190025962704,36.0,0.35587458295049146,101111111110101001001000000000011001010110110001000010011010110101101010010010011111100000110110010101000001110110011111111000000000101100000001111110001000110010000010010100100101101100100101010010000000000000111111
v200_s8_p50,200,0.5,v200_s8_p50__h2+3__red__r1,h2+3,True,1,2.430691675903559,36.0,0.4740365829784423,101111011111110111111111000100110110101001001110110001001001000110010101011010001001100011101001001010000110010000000110110010111111110010011010111100000101000010100100111100111101111000000010000101000000000000000000
v200_s9_p50,200,0.5,v200_s9_p50__h2__red__r3,h2,True,3,2.883688310907007,28.0,0.34504541696514934,10110111111111101001000001001001111011101101100100010101100111101110000000000100100001111110101001000011011001010100100000010101100111000111100010110011010000001111011001001110111101000011011001000000111100000000
v300_s0_p0,300,0.0,v300_s0_p0__h3__red__r4,h3,True,4,1.535925392922444,262.0,11.702532208990306,101101111010101010101010010000101101011111111100101000101011101000100100010010010101110101110010100010100010101111110101110101111110010100001010001010111001010001001010111010111010111010111111010111111010111001011101011101011111100101011100101000101000101000100100101000101011100010100010100010101111110101110010101110101110101110010101110101111110010111010111001010111010111001001010010111001001010001010001010111111000000111100110000000011
v300_s1_p0,300,0.0,v300_s1_p0__h2+3__red__r2,h2+3,True,2,1.5384682975048858,262.0,11.951522417017259,101111101111010010000010000010010001011100101011111101011101011111100100101111110010101110010100010010100100010010010100101111110010101110010001010111111010001010111111010111001010010111111010111001001010001001011101001011111100100101011100101001011101000100100100101001011111100100010100101111111111110100010010100010100100010101111111110101111110001010010001010001001010111001001010111010001010001010111010111111111001100110011001100001111
v300_s2_p0,300,0.0,v300_s2_p0__h4__nored__r0,h4,False,0,1.5332233058597324,262.0,23.53771229198901,101101101111101101111111101111101101010100001010100100001000100000011100011101100010010101010001101101010101010000001101110101111101010001110101110101000010110101000000110101010111000111110101000111101000000111000100100100000010100101011111010101011111011110101011111100100000011100010010001011100010101111111101010101111010010101010100010010000001110001001110111000111000111110110101010111110110111111111110111001000110000000000000000000000
v300_s3_p0,300,0.0,v300_s3_p0__h2+3__red__r4,h2+3,True,4,1.5463898149380588,262.0,11.814939957985189,101101111101111101111010101101111100101011100101000101011101000101011010100010101110010100010100010100011110101110101111110101110010100101110111010111001010111010111111010001001010010111111001010001001010001001011101000100100101000100101001011101011100101011111100101011101000100100010010100010101111110101110101110010010100010100010101110010100010001010111010111001010010111111001010111001010010111111010001001001010001111110011110000111111
v300_s4_p0,300,0.0,v300_s4_p0__h4__red__r1,h4,True,1,1.5455646286634985,262.0,20.56319600000279,010010000000010010000010000010000010101011010111011101011111011110100011100010101111011101010010000010101010000100010001100010101101111110001110110101110110101110101000001010101000000110101010111001110111111000111010100000101000100101000100101011101011111011010111011101011111100010100010010000001010101101010010101010000101101101011100010001111110001110110001000001010001010001000110111101000001000111001000000111000001111111111111111111111
v300_s5_p0,300,0.0,v300_s5_p0__h4__red__r0,h4,True,0,1.5358023682614035,262.0,21.621376083989162,010010000010000000010000010000000011111011111111011111011111011110100010100010010100010000101110010010101010001101110101111100010010101110001110110101110001000001010111001010101000001010101110111111010111111000111011011100111010100101000100101010100000000101000111011101011111100011101101111110101010010100010010101010100010010100011101110101111110001110001010110101010001010001001010101001000000001001000110001000110001111111111111111111111
v300_s6_p0,300,0.0,v300_s6_p0__h3__nored__r0,h3,False,0,1.5472864269049038,262.0,14.798033458006103,010101111111010101010101111101111111000100101011100101000101001011111010000010100010010100010100100010001010101110010101110101110100010101101110010111111001010010111001010001101010010111111111010001001010001001011101000100100101000101011100101000101000101011111100101000100101000101110010100101111111110101111110100101111110100010010101110010101111110001001010010111111010111111010101010111111010001010111001001010001110011110000000011110000
v300_s7_p0,300,0.0,v300_s7_p0__h2+3__red__r0,h2+3,True,0,1.5364752919836786,262.0,11.799034791998565,101010101111010010101010101010010001011101011111111101011100101011100100010100010010010100010010100010100101110010010010100010101110101110010001001001010111001010010111001010010111111111010111111010001010111001000101011111101011111101011100101001011101011111100101011100101011100100010100010101111110101111110101110010100010100010010100010010100010010111010111010111111001010111010111010111001010001001001010001010000110000110000111111110000
v300_s8_p0,300,0.0,v300_s8_p0__h2+3__red__r1,h2+3,True,1,1.5497194412487558,262.0,11.762521166994702,101111010101111010101111101111111101011111100100101000101000100100100100101111111111110010100010010101110100010010010010101110010101110101110001001010111111001001010001010001010111111010111111111111001010010111001011111100101011111111111101000101000100100101000100100100101001011100010101111110010101111111110100010101110010010010100010010101110101110001010111111111001010111010111001001010001010110111111001010001000001100110000001111111111
v300_s9_p0,300,0.0,v300_s9_p0__h2+3+4__nored__r0,h2+3+4,False,0,1.5290240357067983,262.0,27.807222792005632,101101101111101111101111101111101101010100000100011000100000100000011100011101101110010001010001101101010101010000001101110101111101010001110010111101000001010001001000110101010001010111110111010111111001000111000100100000100010100001011111010101011111011111101011111000100000011100010010000010100010010010101101010001011101111110001101111110000001110101110001000101000001000110110101000110110110111111110111110101000110000000000000000000000
v300_s0_p10,300,0.1,v300_s0_p10__h2+3__red__r4,h2+3,True,4,1.8013817524855906,174.0,5.639355458028149,0100100000100000000010101010110111101111110110101001000101000000111001001101010010110111110000000100000011100111010110111101001011111001010000010011111101110010111101000101001010001000111011100010011010111111010111111101010101111010001011110010010100111100010010100000000101011001000010111101110111101101110011011100010010100101010100101000101010011111010110001100110101000110000110000000000110000
v300_s1_p10,300,0.1,v300_s1_p10__h3__red__r2,h3,True,2,1.7480728645674417,174.0,5.704384375014342,0100100000001000000010000101101111111010011011101110101000000110100100011011110111111101110110101101101101111010011101110110011011101100101100101111110101001110010100111011001010101000110100101000101001000001011110101011011101011000100100011110111101111100111011010100100010010111010100000000000101101100010111010001101111011001101010000001011100100000100001011101110101000111111111111000011001100
v300_s2_p10,300,0.1,v300_s2_p10__h2+3__red__r1,h2+3,True,1,1.809936434175729,174.0,5.8246162090217695,1011011111011111011111011111010100010001010001001000101110100011011101011100111101100101110101000000000110101010010000100001110010101000011100101000110010111111000110001010111010110110001111010111011100011011000000000100100110010100000010100000001001001000111001110100010101010111111001000110100111011100111001001000100000001111110111110110111111110110110111110010010010100111100000000000000001100
v300_s3_p10,300,0.1,v300_s3_p10__h2+3__nored__r2,h2+3,False,2,1.8029548133380897,174.0,9.013322957966011,1010101010101011110101000000000001011100101000000000110111110110010111010101111010110111010001100101000001101100000000101010110100011101001000101010110011010001100110001010101110000100011011100110100001010101100011111000000111010000011101101011011100010011010100000111010001101010101010000110110010001001001111001011101000000101101100001011111001101111101011101101101100100001100000011111111111111
v300_s4_p10,300,0.1,v300_s4_p10__h4__nored__r1,h4,False,1,1.8320398592562113,174.0,17.40461274998961,1011011111011111011111011111110110100011001000001001000010101000111001000010100101101010000100101010100010111010111000111101111110001100111011101000010010000001110010010000010100100011111101010010110110111110101110010101011100111010010011011100111100010010101101110100000110101010101111101010000110111010000111100010010001101110100110100000010101011111011100110010111011100110000000000000000000000
v300_s5_p10,300,0.1,v300_s5_p10__h2+3__red__r2,h2+3,True,2,1.7662436974492786,174.0,5.854892458009999,0100000100000100000100000100000100101010111010101010100100010111000110010111111001111111011011110111100001011101000110110010000101100010010011010100000111110010111100111110101110110101001000100010001010011101101111010100101111101111100101011011101110010010110101010111111000010110101001000000110001000100000010110001001010110101011011011101110100001000001110010000100010111000000000000000000000011
v300_s6_p10,300,0.1,v300_s6_p10__h2+3__red__r4,h2+3,True,4,1.7606870921222233,174.0,5.640091833018232,0100010101010101001000000101010010101000101000101110110111010111110111010111001111110111110010111010100000010110101001000000111001101010111101010001011011101001010111010101000110101100010010001100010000010100001100011111101001101001110101110100000100011100101001011111001001010001011011110110010000000001101110001000110110111111110111101000000101010000100100101001001101100001111001111001111111111
v300_s7_p10,300,0.1,v300_s7_p10__h3__red__r1,h3,True,1,1.7941969868159533,174.0,5.669393290998414,0100100001011011111011111011110100111111100000000000110100010100101111110100000100010111100110010111011101011101000101101000010001000111101011000001111101000101000010011101100101001100100011101100001001000001101011100010000110100101000000001101101000100010001010001101101101010111111000010001101010000001000011101111110101010100011011111010101001010101110001101101111110001111100111111000000000000
v300_s8_p10,300,0.1,v300_s8_p10__h2+3__red__r2,h2+3,True,2,1.7523749305413892,174.0,5.267578458006028,1011011110101011111110100000000000100110001000001001010101100010010001000100001001010111001010101101010001010111110010110000111000111010000000011010111011111011110111111110101100001101111010010100011111011101010000001011010001010000010000100011010011101110101110111010010100001000100110101100110111000111100011011100011000101011111010111110101010101110101000111110101111100110000110000000000000000
v300_s9_p10,300,0.1,v300_s9_p10__h2+3+4__red__r2,h2+3+4,True,2,1.765666944417396,174.0,11.12514066696167,0100001001000001000001000000010010101010111010111010111101000111000101000110010111110001001110111101100101011000110011011001110001101110000001000010101110101011101011011101101111110101010100001101000000001110001001010001101111111110010100100100100010010001001101001110011111101001010111011011011111111111110010000001001110100100010000101111111011110101000001001000000010010001111111111111111111111
v300_s0_p30,300,0.3,v300_s0_p30__h3__red__r2,h3,True,2,2.9629533924680502,40.0,0.4926539169973694,101111110111101000101111111100100000011111110010000000110110110100111110111000000110111100101010001101100001010111100001111111001111101011111101101011011010100100011111111011001001011001001000001000000110000100100100001001111110010011000010011000000101101100001001100101111011000010111100101110110110111100001111111111111111111111
v300_s1_p30,300,0.3,v300_s1_p30__h2+3__red__r0,h2+3,True,0,3.081509890210523,44.0,0.40605600003618747,01000000000000100001000000011111010000100010010001011000100100101001011111101100110101100101001001111010000000110001110110010100110111011110001100011101100100000100101000100100111101101101100100000100111111100000111111101011001010001101011111110011000101111000010101101110111111000011110011101101000011111111110000000000000000000000
v300_s2_p30,300,0.3,v300_s2_p30__h2+3__red__r4,h2+3,True,4,2.699061392195395,52.0,0.7298320000409149,101111111111101101111111111100000111101101001001111111111100100000001100110010101010101101010100110010011111110001100010011100100101010000111001000100000010110100000000001001111111101110000001000000000000000110111000011110111111111000011011011101101000010110111101000000000001101100110101111110100100100100000011111111000000000000000000
v300_s3_p30,300,0.3,v300_s3_p30__h2+3__red__r0,h2+3,True,0,2.5817790046449782,48.0,0.5655008339672349,1011111101001000000000100000000101000110110000101111001000111101100110111110111100001111111110001011101000001010001010100111100101110100101001011010110010101100010010001101001100011111000010001011011011011011000100101001001101001101111011111000011001000110101100010110110010101001100001110110001101010000111000001111000011111111111111
v300_s4_p30,300,0.3,v300_s4_p30__h3__red__r2,h3,True,2,2.923422143733435,54.0,0.6519890420022421,1011111011111011111111111110100001100110010000100101001011101011100111001100011111010100100100101011011000011111000111100011001000010010000001011011110010100011111101100110101101101011001010011010000100011011001111001001011111100001101000011011010000111111011111110100000101000001011111110100000100111111001000000110000000000000000000000
v300_s5_p30,300,0.3,v300_s5_p30__h3__red__r0,h3,True,0,2.7002738325541804,52.0,0.8036185420351103,101101111111011011111111010000001001000101001010000011000010011100000010111010011101000011010100110110101110001001101001000000001111111110011001010000000001101101000010001010111010011011111110000000010111000000101111110110101000111110101001011111111100100010010001001000001000001001101101000001000010010011110110000000000000000000001111
v300_s6_p30,300,0.3,v300_s6_p30__h2+3__red__r0,h2+3,True,0,2.8439250768113586,42.0,0.6203028749441728,0100001000000010000000000000011101010100110110000000000010001110011000101110110101111111110010110000000110001011011011110011110100110111101110111101101011110001101011001111111011111111110011010010110110111101001010111111101001011101111110000001111111101001101011011011000001000000010011111100110011011101100111111111111111111111100
v300_s7_p30,300,0.3,v300_s7_p30__h3__red__r2,h3,True,2,2.4052020300626813,50.0,0.8345978750148788,01001000101010000000010000101111111100111111010010100011010100100110111111100000001111110011001111110000001010100110011011111111101000101001001000011111111001001101100001000001000110001111110100001000000110010000010100110111111110101101011001011010111111111000010001011011000000010100110110000111111110000011000000000000000111111111111
v300_s8_p30,300,0.3,v300_s8_p30__h3__red__r2,h3,True,2,2.5870027475726958,54.0,0.7691408750251867,0100100001011011111111111111111110101001000001001011111110110111001000010110010101110010000110101101000010100010010011000000011000011010101001101001000100000000011100101101101111111101011111101010110011111101100001000011001111111010010111010100110101110100110110101101100110100111101100011011100100000111111000000001111110000000011111111
v300_s9_p30,300,0.3,v300_s9_p30__h3__red__r1,h3,True,1,2.7125910814706335,42.0,0.567311333026737,1011111110111111111011111111100000110010000110000111111101011010100001010000001010000001111000011000000011100100000011001001000000000101011101010000110101100101111010010110000010001100010101010110111011010010010110011111100000011101100001001010010111001001011010000011011101100111110011100001100000011001101111111111111111111000000
v300_s0_p50,300,0.5,v300_s0_p50__h2__red__r3,h2,True,3,2.840276475826267,40.0,0.46199716604314744,101111110101000000010000000001011110011000001101111111001001001100111000100111111001000000101010010010011110110110000101111100000000011011110001101011011100100100011111111011010110011001001000010111111001011011100111110110000001101100100101100111111010010011110110011101111111111101000011101101000101000011110000000000000000000000
v300_s1_p50,300,0.5,v300_s1_p50__h4__red__r3,h4,True,3,3.191378056161584,44.0,0.9000072500202805,01000000000000000010111111111111010001011101100010100110100100111111011000010011000101100101000001100100011000101001111110011011001001011110001100011010011011110100101001100100110010010011100011100100111110011110100000011011001010010010111110010011000101100111101001101101110000000000001111010001000000000000001111111111111111111111
v300_s2_p50,300,0.5,v300_s2_p50__h2+3__red__r1,h2+3,True,1,2.706842932755394,52.0,0.6871298750047572,101111011111111101111111111101011000000011001001010000011101011111000100110011010010000010110100110011100001110000011010011100011010010000001001001011111101110100001000010110000000001110011010111111111111111110111001100000000000000111011011000101110111101001001101000000000010101111001001111110101011100100111100111111110000000000000000
v300_s3_p50,300,0.5,v300_s3_p50__h3__red__r4,h3,True,4,2.629860776446219,48.0,0.6177289999905042,1011111101010111111111011111100101001001001111010000111000111110011001000001000000001100100001110100001000001010001010100000011001110100101001011001001100001100010010001100110011100111000101010100100100101011001011010110110010111101111100000111100110110110010011101001001101001001100110001001110010010000110111110000111100111100000000
v300_s4_p50,300,0.5,v300_s4_p50__h3__red__r1,h3,True,1,2.838861363301995,54.0,0.6395336670102552,1011111011111011111111010000100001100110101011011101001000101011101000111101111111100101011011010011011111111111000000011011001000001010000000100100110010011111111101100001001010000100111010011101100011100100101111010111011111111110001000001011101111101000100111110100000010111010100000000000000100100000110111111000000000000001111111111
v300_s5_p50,300,0.5,v300_s5_p50__h2+3__red__r1,h2+3,True,1,2.665735555536922,52.0,0.8529132920084521,101101111110100100000000010000001001000010110101111111000010011100111101000101101101000011001011001001001110001001100110111111110011011110011110000011111110010001000010111001000101100101111110000001101011111100101111110110100111001110101001011111111011011010010001001000001001101001101101000001000010010011110110000000000000000011111111
v300_s6_p50,300,0.5,v300_s6_p50__h3__red__r4,h3,True,4,2.850665205971636,42.0,0.6423718750011176,0100001000000010000000000000011101101110110110000000000010010001111000101110110101111100000010110000000110001011011011110011110100110111101110111101101011110001101011001111111011111111110011010010110110111101001010111111101001011101111110000001111111101001101011011111000001000000010011111010110011011101100111111111111111111111100
v300_s7_p50,300,0.5,v300_s7_p50__h3__red__r3,h3,True,3,2.384055692645249,50.0,0.8668091250001453,01001000101010000000010000101111111100111111010010100011010100100110111111100000001111110011001111110000001011111110011011111111101000101001001000011111111001001101100001000001000110001111110100001000000110010000010100110111111110101101011001011001000101111000010001011011001111100000110110000111111111111011000000000000000111111111111
v300_s8_p50,300,0.5,v300_s8_p50__h3__red__r3,h3,True,3,2.705004678548126,54.0,0.7771326250513084,1011111011011111111110100000000110100101000001000100000001010110101110001001101010010010010101010010111101011100010010111111100111100100101001010110111011111111011100010010010000000010111111111011101101111110011101000011001111000101101001010100110010011111001001111101100110011000110011100011100100011000000111111111111110011110000000000
v300_s9_p50,300,0.5,v300_s9_p50__h3__red__r3,h3,True,3,2.6989300511079746,42.0,0.5711432920070365,0100010110111111111011111111111011010010000110000111111101011010100001010000001010000001111000011000000011100100000011001001000000000101011101010000110101100101111010010110000010001100010101010110111011010010010110011111100000011101100001001010010111001001011010000011011101100111110011100001100000011001101111111111111111111000000
v400_s0_p0,400,0.0,v400_s0_p0__h4__nored__r4,h4,False,4,1.4927817296740427,336.0,38.67769091698574,101111101101111101111101111101111111101101010100001010100010100000100000100000011101010010000001010101111010100011101101010101111111101011100010001110101111010001110001001000000110101101010111001010111101010111111101000010111111001000010001000111000101011111011000100011011111010101010101011100100100000010100000100000101000011100010010101101010010101111101111111101010101111010000001101110000010000010000001110001001110101000000110101010001110110101010111110101110101000000111001010101000111000101011011111111011101011111010111100100000000000000000000000000
v400_s1_p0,400,0.0,v400_s1_p0__h2+3__red__r3,h2+3,True,3,1.5068059507290998,336.0,19.289044875011314,010010000010000101010101111101111010101111010100010100000011101011100101011100100010001101011101101111110101111110010101111010000001101010000010100010101111110010001110101000000101010111001010001001001010101000110110101111010111111001001010111000111011011010111011100101011111111101011110100000000010100000101000100101011101011011101010000001101101110010101110010100011010001101101101010101111110101111110101101110110110101000111001001010010111111001101000000000101000001001010010001001001000111010100000011011111111101001011011111111001111000000111111000000
v400_s2_p0,400,0.0,v400_s2_p0__h2+3+4__nored__r0,h2+3+4,False,0,1.4982270643010571,336.0,37.99839062499814,101101101111111101111101101111111111101101010100011011100101010100000100100100011100010010000010101101010100010010101101010101111101111110010001110101111101010001110001001000010111111001010101101000110101010111110110001010111101000000101000000111000100000001011100100111010100011011010101011111011100101011111010111011010100011100010010000010100010000001101010010101010101111101111110001010000000001111110001110001000001010111110111101010001001010101010101000010001001000010111001010111000111000011111011011111011101011111011111010100000000000000000000000000
v400_s3_p0,400,0.0,v400_s3_p0__h4__nored__r3,h4,False,3,1.5048868870832597,336.0,33.3483605000074,101101111101111101111111101101111111101101000101000110100101011001000100100000011100101010000010101110010000010001101101010100011101111110001011101101111101010001110001001000010110101110101001000000110101010111110101000000101000001010101000000111000100100011011100111011011100101011010101011110100000100001000001011111100000011100010011101101111101010000001011101101010101111010000010101011101101011100010001110001001110111110001110101000110101010001000111110101000001000000101000000111010111001011100111011111011101011111011011100100000000000000000000000000
v400_s4_p0,400,0.0,v400_s4_p0__h4__nored__r1,h4,False,1,1.4991640921745701,336.0,33.88051733298926,101101101111101101101111101111101111101101010100010101010100000100010100100100011100010100010010001010010100010010101101010101110101111110101010101111111101010001110001001000010110101110001001000000110101010111110111001000101000001010101000000111000100100011011100111011011100101011010101011110100000101010100000111011100000011100010011101101110001110101101011101101010101111110100011101011100010001010000001110001000101010111000110101010001110110101010101000010001001000000111001010101000111000011111011011111011101011111010111100100000000000000000000000000
v400_s5_p0,400,0.0,v400_s5_p0__h4__red__r0,h4,True,0,1.5004972393566451,336.0,34.345663624990266,010010000010000010010000010010000010000010111011111100101011101011111101011110100011100010101111110101101010101110010010101010101010000010100010001010000010101110001101000110111101000010001110110111000110101110001000001110110101110001001010101000111011011011111010100011011111011100101010100000100000100010100000100001011111100011101101111101110001010010101100010010101110010101010001010010101110000001111110001000110001010010111111010111101000001010101010001110110001010111001000110111111000111000100000000100000000100000000100011011111111111111111111111111
v400_s6_p0,400,0.0,v400_s6_p0__h2+3+4__nored__r3,h2+3+4,False,3,1.5042403851576513,336.0,36.82971083302982,101101101111101111101111101111101111101101000100010100010101011100100000000100011101010101010010001010000010101101010101010101110011101110101010101110010001110001110001001000000110101111000110111010110101010111110101000000111101000000101000000111000100000011011010100111010100101011010101011111011010100011111011111111100000011100010010000010100010010010000010101101010101111111101110101111101110101110000001110001000101010111000110101110001110110101000111001010001001000000101001010001000111010111011110111011111000111111011111100100000000000000000000000000
v400_s7_p0,400,0.0,v400_s7_p0__h2+3+4__nored__r4,h2+3+4,False,4,1.5055953496396755,336.0,36.78466562501853,101101101111101111101101101111101111101101010100000100010100000000100000000100011100010101010010001010000101111101010101010101111101111110101010100010010001110001110001001000010110101110010111111010110101010111111101000000101000001010101000000111000100101011111010111011010100011011010101011110100000100010100000111011010100011100010011101111110001010000100010001101010101111101011011101011101101010100010001110001000001010111000110101000110101010101010101000010001001000000101000000111000111010111011010111011111001011111001011010100000000000000000000000000
v400_s8_p0,400,0.0,v400_s8_p0__h2+3+4__nored__r3,h2+3+4,False,3,1.5089904692890095,336.0,37.74746437498834,101101111101111101111101111111101101111101000101010100100000100000100000000100011100010100010101010000100001111101010101010101110101101011101010000000010001110001110001001000000110101110111110111010110101010111110101000000101000001000101000000111000100100011111010111011011100111011010101011110100000100010100000011010100000011100010011101101110101010000010001101101010101111101101011100011101101110100010001110001010001000110101110101000111001010001010101000010001001000000101010111111010111001011111011011111011101011100101011100100000000000000000000000000
v400_s9_p0,400,0.0,v400_s9_p0__h4__nored__r1,h4,False,1,1.5066593745204204,336.0,32.993344165966846,101101101101111101111101111101101111101101010100000100000100000010100000001010111100010010000010001101101111111101010000010101111101111110010000010010010001010101110001001000010111111010111110111010110101010111110111101010110101001000101000000111000100100011011010100011111100101011010101011110100000100010100001011111100000011100010011101111110001010000000010101101010101111101010010101011101111101110000001110001000010111110101110101010001110110101010111110001000001000000111001010101000111011011111011111011011101011111010111100100000000000000000000000000
v400_s0_p10,400,0.1,v400_s0_p10__h2+3__red__r1,h2+3,True,1,1.7293537473986116,224.0,9.300336832995526,0100000100000100000100000100000100000100110010011101011011111111100101000101111110101000110000101111111111101000111111111111011011100100010101011100010000010010010010100010110101110010101101111110110111000010100011000110111010100101110111100111010011101010000001100111010010100101000100100011011100010010100100100011111010111101000000001000011111110101010111001001000000001010010100100111001011111110111101011000110110010101000111111101101101110110111010001000000011011110100011000000111100000000000011
v400_s1_p10,400,0.1,v400_s1_p10__h2+3__red__r2,h2+3,True,2,1.7450633178650987,224.0,9.493300415982958,1010100100001011110111110111111101001000101111111100100000011010100100111110010010111111101000100000011110010001100000010111111110000000111111011011101111010101111111101001001110100000000100011101011110000100010100001001000011000101010000010000001101100110111001001000110111111101010000000010110110101001101110101011101111011100000000010100000000111001000111110010010101000011101100000010001011110110000111001010010000010010101000100011011101011111100100000001010001000010110100000011111111111111110000
v400_s2_p10,400,0.1,v400_s2_p10__h3__red__r2,h3,True,2,1.7556713457639774,224.0,9.039144958020188,0101011011111110101001000010110111111111010000000010000111110101000001111110111010100011011100101001101010001000011110111011001001100101011100101010110100011010100101011111010111101110001101000001010000000100010001001101011011101111011010001011111000101111010110100001101111100110111110000100110110100001101111101101101111111100110110110111010000000010101111111111110111010100000111110111110010000000100110100000000000100000101101100101011011101111101100101010001100100101000111111111111111111100111100
v400_s3_p10,400,0.1,v400_s3_p10__h2+3__red__r4,h2+3,True,4,1.7736796530545984,224.0,8.976898874971084,0100100000100100000001010101010110111111111111111111101000010001110000010101110110111101111111111000001100101000101000110100010111101000000001010000011100010011011100001110101000011011010100100101000110010011000010101001110110110010000010101110101000010101011111101011011111010111110101100100011101011100000010100101111010100001000101111010000010101001101011100100001000101110101110100010100011111111111010101110110001100111010010000101111110011100111011011111010100011000000100000000000000000000000000
v400_s4_p10,400,0.1,v400_s4_p10__h3__red__r2,h3,True,2,1.718068161958261,224.0,9.075463791959919,1011011111111111010101010101010001011000000100100100011000110001101100110100000101111010000011010101000110101110110000000110111010110110100000011101010100000100000010010101111111100000110111101110110111001010001001010111101000000011111011101100010011000001101000001111100101101000000010100100011111000100010011011101010010100010101011011111110101111001111110101100011110101111110000101110110111111011101011000100001000000101000000010011000111010111001000000010100000011011111111001111111111111111000000
v400_s5_p10,400,0.1,v400_s5_p10__h2+3__red__r4,h2+3,True,4,1.755837880925478,224.0,9.079485583002679,1011111011110101011111101001000001000000101111011111100101010111011101101010010001010001011111000101010111111011100100011001000011101011101011111101001000100001010000000100100000011000101000001010101101101011011011110100010010100100010100000001110110010011011011100110101110100010100100111111110101010100011010100010001010001000000010111011011110111011011011101010000001000110101000001010000000000100011011010100000010100000111011000010000000000110010000100001000101111011111011111111111111111111111111
v400_s6_p10,400,0.1,v400_s6_p10__h3__red__r0,h3,True,0,1.7064354355468618,224.0,9.025416458025575,0100001000000000101101111110101011111111101111110101000000001001000111101001000010110111011010111110110001101110110101001000001010000001000001000100000000111101100011010000001001010111110110010000000001111101000010111001011101011111110101000101111111001011010111001010111101110111010111101010000010001010111001011101010100011101110100101100110101101001001011011111110010010110110101111111101100000011101010000000000101010001010100000001110010110101000001011111000110101101011000001100001111111111000011
v400_s7_p10,400,0.1,v400_s7_p10__h2+3+4__red__r2,h2+3+4,True,2,1.7571729640831821,224.0,15.042564250004943,1011011111011111011111011111011111011011010010010001101010000000000010011110001001010000010011110100100001000001101110100101000010110101000110111011001001110010111110010010000101010101111111111100010101011111101011000111001011101000010010100010001010000000010000000110010101110101100110111010111011111001011111101011010111111001101010101110100101011100100001001111001111001001111001001000001110010000100001110101111110110110101010100011011100101001110111111000101111111101110100000000000000000000000000
v400_s8_p10,400,0.1,v400_s8_p10__h3__red__r3,h3,True,3,1.7794875557958176,224.0,8.39191841596039,0100100001010100100000001000000010000010110110001011010111111000101111100011100110101101110010010101010000101011010110011100100101011000110101110010110011100111011000110110111011001010110111010101110101110100100011011100011101110110011010100011011010100100000000000111010100101000101000000111011000000101110110110001101011010101011111100010111111101010000000011100101111011111001010101001111101010000100010000000100011000101001011010110111000101011010111010100011010000011010100110000110011111100000000
v400_s9_p10,400,0.1,v400_s9_p10__h3__red__r3,h3,True,3,1.7393297466546354,224.0,8.650990499998443,0100100000100001011110111111101111101110111010100010010110110111101001110111011101011101101010001000101110101110111101110100011101000000101100011110100111110010001001011101110000000110100000100000000100010001010000101101101010111110111110101111111111010011111101011101010111001000001010111000110100101001010110001000100010100010000111101000111011111101000100010000000010011010111010101011101101011111011011011111010111111001101011100100000010010010000000100000110001010100001000111111111111111100111111
v400_s0_p30,400,0.3,v400_s0_p30__h3__red__r0,h3,True,0,3.1709669094497364,60.0,0.5384663749719039,010000010000001011111101000000101111110010101101010010110000001101101110010010011111111010110111000000001001010101001100000110111110000101100100110011010011111111100110111011100110000111011111110111111111110110110000000110110100001010101101111001011010010010110110111110111110011011111010010000101111111110010010100100110111100101000000010011011011001001100111111110010011010010001110110000010100000000000000000000000000
v400_s1_p30,400,0.3,v400_s1_p30__h2+3__red__r4,h2+3,True,4,2.5968292204606134,46.0,0.8205414160038345,01000000001000000000101111011111111110100101101111111000000011111011111111100001111110000001000010110111111000011110000111110001110111011011001101101001000101111010011000011011100000010010000110011010000001101111001011001010000010000001001000010110000001100101111110010110011111100111110000001111010010000011011111111111000000010010110000010000001001011111000101011111111111111111011111000000000000000111111111111
v400_s2_p30,400,0.3,v400_s2_p30__h3__red__r0,h3,True,0,2.591405019428512,62.0,0.9504404579638503,1011111111011111101000000001000000000010000000010110101000001100001001101111011011001101010111100010001101001111110000000000101111001001001000001000000001000101001010000111111110111101000100011001101100001000000111010000001101111111101111100000000101101111010101111011011111010010010000100011111111111100001001111111010010001001000001011001111101100100000110110000001000000011000100001101101011000000000111111111111111111
v400_s3_p30,400,0.3,v400_s3_p30__h2__red__r1,h2,True,1,3.071438207133054,48.0,0.580877624975983,101111111110111010000001010111111000000110100001000011001000011101111000011001111000010101001000010100001101110110110011000001000001000100100110110011011111101111000001001001101100100101101101100000010010010011000001101111010110110110010000010000001111010010011110010111101011010010011001001111000001110000101100101001100000111111111101101001011001101111111110110111011010011001000111110111111100001111111111000000
v400_s4_p30,400,0.3,v400_s4_p30__h2+3__red__r1,h2+3,True,1,2.7368314798275013,52.0,0.7897400420042686,10111101111111101111101111111111100010101111111001100100000011111011100100110111001111111000010000000000001111000100000011101110111111000001001111000000000001000011111111100100011000010010001011101110101011100101010001100000000111111111101100010011010111001010101001001010001011101101001111101101111001011001010010011000101100000110100110010100010000110101100001001100001000011001111101111000000000111111111111111111
v400_s5_p30,400,0.3,v400_s5_p30__h2+3__red__r2,h2+3,True,2,2.4459415719664883,62.0,0.9894447499536909,1011010100010111111110111111101111010011011010111111100100010010011100011110101111110011001001001010011010000011011001101100111000111100100000010101111111010000000101101111111011010010000110100010011000101000000100101101110000101001100100010000001101101011110111000100100100001101001000010101001011001101101101110000000010111111101101001101101111000000000111111110011011001001010101101001111110111111111110000000000000000
v400_s6_p30,400,0.3,v400_s6_p30__h2+3__red__r4,h2+3,True,4,2.4770173968618914,54.0,0.8816425830009393,010001011111110100100000000001011111100000010010110111110110011101111101001000110000010111101001101111110000111111100000100111011010100110110101001001100101011111100000000110111111001110101111111111100100100010110001001011011111110111011101001101110010010001111011011110111010011111001000001001000011111110010000000110000001111000010000110000001011110000000011111010011000000000011111111010111111111111111000000000000
v400_s7_p30,400,0.3,v400_s7_p30__h3__red__r3,h3,True,3,2.5327617381349024,72.0,1.0527734579518437,010010000000001000000000100000001001011011001001001000010100001100001101100111100000000110111101111010000001111011001011111111101111111110010100110110100001000001111110011001101000100100001001001111001000000100011010000000000111110100001111110000101111100010100000100100000111100101111011001111111001100000100010010000110110111110101000101100110100100110100000101010000000100110011000001100010010101000000000000000111111111111
v400_s8_p30,400,0.3,v400_s8_p30__h2+3__red__r0,h2+3,True,0,2.711595095159852,58.0,0.927558749972377,01001000000010010000000000000100000101101100101101011111111111000001110110011011001110100101101111111100110011001001100110100010010110011100110011100001011111011000010010000011011111001011110111100110111111001011100000001111100110101111001111111101100001011001100100111101110100111100110111000000110100111010111100100011011000000011001000000001010001001100001001111011110101000010111100000010100000000111111000011111100
v400_s9_p30,400,0.3,v400_s9_p30__h2__red__r0,h2,True,0,2.8166807138535663,58.0,0.5859913749736734,10111010000000000010000000000001000000011110010000110110101100100010010010011111111001100111110100001110000010111101100111110001001111111101000010111111111100001000000101111010100000100011010110110111101011111111001011011011010000000000100101100010010010010111101001111100111111001011010111110110111111110100111110100100111100000010011111111100001100111111101111110101000010000001001111010100111111111110000000000000000
v400_s0_p50,400,0.5,v400_s0_p50__h4__red__r2,h4,True,2,3.0860266813872395,60.0,1.4339503750088625,101101111010000100000001000000000000000001010010010010110000000010010001101100011111111010111000111111111001010110111100000001011111111101100101001011010100000001100110110100011110000001011111101111100000010110110100000101001011110100101100011000100001101101001001011111000111100010000101010000010000000001101111011010101000011010111111101100100010110110011000010001010000010001110001001111111011111111111111111111111111
v400_s1_p50,400,0.5,v400_s1_p50__h2__red__r0,h2,True,0,2.492147547493036,46.0,0.4540723749669269,10111111110111111111010000100000000001011101010000000111111100001011111000000110000001111110110010110110000111100000011000010111101000100100110010000110110010000101100111100100011000001101111001100011111110101111110100110101101111111111001000001001111110000010011110010111100000011011111111111111101110111100100000000000111111101000001111101111110110100000111100100000000000000000100000100111111111111000000000000
v400_s2_p50,400,0.5,v400_s2_p50__h3__red__r2,h3,True,2,2.5374767315560782,62.0,0.9242217080318369,0100000000000010110111111111111111111101111000001001010110111111110110010011011100110100101000011110111110110000000011111111101110110110110111110111111110100101110101111000000001000010111100011110010011110111111000101000010010000000010000011111111010010000010101100100100000101101010000100011110000000011110101111111010010001010111100100111111101100100001001000011110111111111001011110010100100111111111111111111111000000
v400_s3_p50,400,0.5,v400_s3_p50__h3__red__r1,h3,True,1,3.0982232978291906,48.0,0.7299892909941263,010000000001000000000001001000000111111001011101000010110111100010000111100111111001101010110111100100010010000001001100111101000010110011011001001100100111111100001110110110010011011010001100000111101101101100111111110110101001010101101111101111110000101101100001101000010100101101100110110000111101001111010011010110011111000011000010010110100110101111111110101001000101100110100111110111111111110000000000000000
v400_s4_p50,400,0.5,v400_s4_p50__h2+3__red__r2,h2+3,True,2,2.754524270934769,52.0,0.8406910829944536,01000010000000010000010000000000011101010000000110011011111100000100011011001000110000000111101111111111110000111011111100010001000000111110110000111111111110111100000000011011100111101101110100010001010100011010101110011111111000000000010011101100101000110101010110110101110100010010110000010010000110100110101101100111010011111001011001101011101111001101111110110011110111100110011010000111111111000000000000000000
v400_s5_p50,400,0.5,v400_s5_p50__h3__red__r0,h3,True,0,2.487054050279703,62.0,0.9581744589959271,0100101011101000000001000000010000101100100101000000011011101101100011100001010000001100110110110101100101111100100110010011000111000011011111101010000000101111111010010000000100101101111001011101100111010111111011010010001111010110011011010011110010010100001000110100101011110010110111101001001011010010010010001111111101111101110010110010010000111111111000000001100100110110101010010110000001000000000001111111111111111
v400_s6_p50,400,0.5,v400_s6_p50__h3__red__r0,h3,True,0,2.4015604851770913,54.0,0.8430416249902919,010000100000000001011111101110100111111111101101010111101001100010011110110111000000001000010110010000001111000000010101011000100101011001001010110110011011111000011111111001001100110001101111100000011010100010001111101010100000001000011101010010001010010110000100111111000101111110110111110110111100000001010101111001111110000111101111110011110100001111111100000010011000000000000000000101011111111111111111111111111
v400_s7_p50,400,0.5,v400_s7_p50__h3__red__r1,h3,True,1,2.5006782582619644,72.0,1.0073534169932827,010010000000001010111111011111110111011011101001001000000100110011101100011111100000000110000010011101111111110100000100000000101100000001101011001001011110111001111001100110010111011011111001001111110111111011100101000000000101001011110000001111101111100011011111010100000000010101111011000000000111100010011110010000111001000000110110000000110100100000100000110101100000100110011000001100101101101000000000000000111100001111
v400_s8_p50,400,0.5,v400_s8_p50__h2+3__red__r4,h2+3,True,4,2.6204155464164254,58.0,0.9884826249908656,10110111111101101111111111111011111010010011010010100000000000111110001001100100110001011010010000000011001100110110011001011101101001100011001100011110100000100111101101111100100000110100001000011001000000110100011111110000011001010000110000000010011110100110011011000010001011000011001000111111001011000110111011011100100111111100110110000111101110110011110110001011110110111101000011111101000000011000000111100000011
v400_s9_p50,400,0.5,v400_s9_p50__h3__red__r2,h3,True,2,2.6797826886076486,58.0,0.7245711249997839,01000010000000000101110100000001001111111110101111001001111100100001101010011000000110011101000101101110000010000010010111000010111111111110111101001111110011110111111010000101011111011100101001001000011111110000110100100100101111101001011010011101101101101000010110000011000000110100110111101010110000000100000001100100110000000101111111111111001100110000010000000101000010110010001100101011011111111111111111111111111
v500_s0_p0,500,0.0,v500_s0_p0__h4__nored__r0,h4,False,0,1.4700633443031061,446.0,63.396332790958695,10110111110111110111110111111110111110111110101010000010010000010000010101010010000101110001010101110111010101010101000101010110101010111001101001010110111000110101110101000111000100100011011100000010100000010100011010101011111011111011111010111011101010100000011100010010010000010000010101010100011101101010101111101111101111101110001110010100010001110001001000001000001000101010111111001010101010111110111110111111001010001010111111000111000100100000100001011111101010100000101010101011111011111010100001010100011011111100011100010010000010101111010001110010000101111010101111101111100010001110101111101110010001110001010001001000110101101000001000001010101010111000111110111010111110111110111110101110000000000000000000000000000
v500_s1_p0,500,0.0,v500_s1_p0__h4__nored__r2,h4,False,2,1.4676769124338045,446.0,88.28217254200717,10110110110111111110111110110110111110110110101010000010010100010010000000010000000001110001010001110111000110101010001110111010101010111010111110101000000101000010001000000111000111010100100011110100101011010111011010100010100011111100100011011100000010100000011101010010000101111101101011101101011101101010101111101110010010000001010000001101010001110001001000001010111101001010101000001010101010111110111110101010111111000110111111000111000100100000100010100001010100000000101010101011111011111010111011010111011011111100011100010010000010101111010001101010010001101010101111101111100010001010000001101111101011110001001000001000010101110101000001000000101010111110111110111001110111111110110111101110000000000000000000000000000
v500_s2_p0,500,0.0,v500_s2_p0__h4__nored__r4,h4,False,4,1.4657125697076563,446.0,97.73612704197876,10110110111111110110111110110111110111110110101010000010010000010010000010000010000001110001101001010111010111111010111101110110101010111110111001010001000101000001010001000111000100100011011100010101011111011101011010101011110100000011010111000100000010100000011100010101111010000010101011101101011101101010101110010001101111110101111010010100010001110001001001000001001010001010111111001010101010111110111110111111001010001010111111000111000100100000100001011111101010100000101010101011111011111010100001010100011011111100011100010010000010101111010001110010000010101010101111101111100010001110101111101111101011110001001000001000010101101000001000000000101000110111110111110101110111110111110111001110000000000000000000000000000
v500_s3_p0,500,0.0,v500_s3_p0__h4__nored__r1,h4,False,1,1.4737606063410533,446.0,82.50130645901663,10110111110111110110111110110110111110110110000010000010010000010010101010000010000001110101010101110111010111111001010001010010101010111000101001010001000101110101010101000111000100101011111100010101011100011100011010101011110100000100000011000100100010100000011100010101111101111101101010101110010101101010101110010010000010000001110101111110000001110001001010110111111111010101000010111110101010111110101001000010110101110111001000000111000100100101011111010101011110100011011010101011111011100100000011000100011111010100011100010010010001101101010001110010000001101010101111111101110010001010101111101110010001110000001001000001010101101000001000001010001000000110111110111010111110111110111110111110000000000000000000000000000
v500_s4_p0,500,0.0,v500_s4_p0__h4__red__r3,h4,True,3,1.4707173092702701,446.0,66.65456624998478,01001000001001000000001001000001000001000001111101111011101010000101110101010101101010001010001010111010111111010110101111000001010101000010001010001001000000000111110111111000111011010111010101011011110100000100000101010100000101000111010100000101011011111011100011101101101010100011101111110000010000010101010000010001101010100010101111101111111110001110110111110001110101010001000001000001010101000001000001000000101000110111110111111000111010111011011111010111011100100100000101011100010100000100000101000100101011011111100010010001101101111101110010101101010000010101111101010000010000101111110010001101111110001001000110110111110001010111110111001000110111111001000000001001000000001000001010111001111111111111111111111111111
v500_s5_p0,500,0.0,v500_s5_p0__h4__nored__r1,h4,False,1,1.4700396699278482,446.0,87.02210449997801,10110111110111110110111111110110111110111110101010010101010000010010000000010000000101110001110111000101010111111010001110111110101010111111101001010001000101000010001000000111000100101011111100010100011011101011111010101011111100100100100011011010101000100000011100010101111111101111101010001110010101101010101110010010000010000001010101111110000001110001001010110110111101010111001000110110101010111110101000001000110010111111110101000111000100100011011111011111000100100000011010101011111011100100100001010101011111010100011100010010000010101101010001101010010001101010101111111101110010001110000001111010000001110001000101000001000001000000001000110110001010111001110111110111110111110111110111111110000000000000000000000000000
v500_s6_p0,500,0.0,v500_s6_p0__h4__nored__r0,h4,False,0,1.4636108403376702,446.0,83.21849087497685,10110111110110111110111110111110111110110110000010000000010000010010000010010000000001110101110101000101010111111001010101010010101010111110111001010001000101110101110101000111000100100011011100101001011110101000111010101011110100000100011011000100010100000000011100010101111101111101010001010001101101101010101110010010000000001010010101101010000001110001001010110111110101110111000001010110101010111110101001000010111101110110111001000111000100100101011111000101011110100100101000101011111011100100000101000100011111011101011100010010010001101101110101110010000101101010101111101111101010001010001101111100010001110001000001001000110101111000001000001010101010111010111110111001110111110111110111010110000000000000000000000000000
v500_s7_p0,500,0.0,v500_s7_p0__h4__nored__r0,h4,False,0,1.463033564367505,446.0,88.88746237498708,10110111110111110110111110111110111110110110101010000000010000010101010101010000000001110001110110101111010101000101000111010010101010111001000111110010111010110101010101000111000100101000100100000010100000111000011010101011111100101011011100111011011110100000011100010101111010000010010101010000010101101010101110010011101101111110010101101110000001110001001010110101001000110111000010111110101010111110101001010111110101110111001000000111000100100011011100100001011110100011011010101011111011100100011011000100011111010100011100010010010001101101010001110010000001101010101111101111101010001010101111101110010001110001001000001000010101101000001000001010101010111110111110111000111110111110111110001110000000000000000000000000000
v500_s8_p0,500,0.0,v500_s8_p0__h4__nored__r3,h4,False,3,1.4772683633062427,446.0,71.91618862503674,10110110111110111110110111111110111110111110101010001101010101010000010000001010000101110001001000000101000101000101000010111110101010111110101000110010111010111110001000000111000100100011011111000100000000001011111010101011111100100000100011011011111000100000011100010101111101111111101010010000010101101010101110010010000010000101111111111110000001110001001010110111110110001000101001010110101010111110101001000010111101000110111000000111000100100101011111000100011100000011111010101011111011100100000010100010100000100000011100010010010001101101011101011101101111101010101111101111101010001010001010000010000001110001010001001000110101101000110111111110101010111000110111110111111110111001001110111110000000000000000000000000000
v500_s9_p0,500,0.0,v500_s9_p0__h2+3+4__nored__r2,h2+3+4,False,2,1.4665424776481133,446.0,89.15243379201274,10110111110110111110111111110110111110110110100010000000001010001010000000010000000001110101110110101000101000101010001110110010101010111101000101010111010111001010110101000111000100100001011100010101011111010101011010101011111011010100100011000100000010100000011100010010000001101111101011101101011101101010101111101101010010010001101010001010000001110001001000000110111111001000101000110110101010111110101000001010111111010111110101000111000100100011010101000101011100100000101010101011111011010111000101000100011011111100011100010010000001010000101011101101010101101010101111111101011101110001010000001010000001110001001000001110010101000110101000111010001010111110111110111010111110111110111110001110000000000000000000000000000
v500_s0_p10,500,0.1,v500_s0_p10__h2+3__red__r1,h2+3,True,1,1.704125435523416,300.0,16.016663208021782,1011011011111101000101111110111110111110000000100100111110010000000101000011101010000100000000101111111000101001000010111101101101101000100100100011111100100010001101101011100101101101010000010001101010100010100001011101000111101101101001010001100110101000100010000001000110110001000001001100010100101010111010110111111101011111110001111110100101110011010000011010111101101111111110100011110111010100100111000101111111110010001011010001101101101010000101001010111011110111010000010010001100000111111001001010010001101111111111010100010010011010111011010000000010101111110100100101000000101101110110010100010101100111010110100000111111111100110000000000110000
v500_s1_p10,500,0.1,v500_s1_p10__h4__red__r4,h4,True,4,1.6700687415669357,300.0,27.55348833295284,1011111011111011111011111111011011111111011001100101000100101010100010010010101011100100100100001000001010100010000011101000001111001010110011010111110110111000100101101100100000111000100000010101010110101100100100100010101110101000000111010011001011111011111101011100111011101010001111100010100000110011011001001111001000010000001100010010001000001000011110110110101111110011101110000101101110001010110111000101000100011010100000101011100100000000001111100011001000011100100101011011111010111110101110111110101010111111000000100000110011100110001111000110111110111101110001100000101010000001001110010111010111110111111110001111110000000000000000000000000000
v500_s2_p10,500,0.1,v500_s2_p10__h3__red__r3,h3,True,3,1.6848428305489174,300.0,16.166251125046983,1011011111110111110111101010101010111101000000001011110111111111110011001110100010001000101000000100101111100101110101000000011101000000100000010001101101110110001000001101010101110010001010000001101010010000100100110000010000100000010101111111101011100101000101011111010000101000101110101111011101101101010101110010011010100101010000110101101011101011100100111011001101000110111001101010001000100101011000110100000000001001110010101111100101001001011010001101110110000100101000111111110010111001000000101110110110110101000011011001111101010001111101101000000111010100000000010001010011010111011010100000101001000000100111000000110000000000111111110011111100
v500_s3_p10,500,0.1,v500_s3_p10__h4__red__r1,h4,True,1,1.6825612835420738,300.0,32.761788707983214,0100100000100000001000001001000001000001001111101011101010000001111010101011101000110010110101110111110111110101110001000110111010000010100010100010100101000001000010011101111010100000000010110110001011111010110110101010110101101101111000011011000000111010111000001110000001110101111110010000100101011011110111011000010010011111100011000001000000010101011110100001010110111111101100001011000101011011111100100000001011101110110101110101000000001000110111010000001101010010100011110100111000101111100000001101010101111100000110110010001111011100100011100101010101101111100110111101111110100010001110000000100010000010000010011000001111111111111111111111111111
v500_s4_p10,500,0.1,v500_s4_p10__h4__red__r3,h4,True,3,1.7021934334132498,300.0,28.496741708018817,1011011011111110110111110111111110111111101001001001010000010010000010100100111110001001111101001010111001010010100000101010101010100010110101010100101011111110001100001010101101010011000010010101000101111101100000010100011101101100011111101111101110111111110011100001001000010000010001111010100110101100010110110111001011001000001111110001010000011000001010011101111100010001010101111010000100011100001100100001100100000010111010111010001010100100001010110111101000110101001110110001111101111110010000011000001100010101000100101011111011111110110001111110000111110101101110100001100000000100010011101011001000111111111011111111110000000000000000000000000000
v500_s5_p10,500,0.1,v500_s5_p10__h2+3+4__red__r2,h2+3+4,True,2,1.7028430870276035,300.0,30.044796791975386,0100100000001001001000001000000000000010110110111110101101111111010001011011000111010101011010110101011111111100000101011011010000010101010000010001011110111000100101110101101011101101111110010001111101010010000110101110100101001010001000011101111101011100110001001010001101111101010101101110100010001000011110101101000111100001000101000001110111010101000001010111010010101111111111010101000111111100010001111100010010011111011110101010010101010010001011100000100001000101010001110110111110101100010100001001000111010101000111010011001101101011011011100011100000001110001010000000101011001101010000000101000011011010110000001000001111111111111111111111111111
v500_s6_p10,500,0.1,v500_s6_p10__h2+3__red__r4,h2+3,True,4,1.6726557354647456,300.0,15.710657625051681,1011101000101111010010000101010010000101101011111110010010101111100111110110100100010000100010110001001001111010101010001000001101111100101010001000110011100011101010000001011101011101010100000010111010001010000001101011101010001010000001000110100011011011010111101110101101010001010111110110101000001011101101110101110001101010010001010101100010111111110101111111100101001110010100001010111101000001001000101110011011000100000011010101111111100101010000011010110110111111110001010111100010101011100011010100001011111111100010101001101011101000110100000100010101000101010010000011010110010010101110000000110101010101101100010110001111111111001100001111001111
v500_s7_p10,500,0.1,v500_s7_p10__h2+3+4__red__r0,h2+3+4,True,0,1.7158749012838557,300.0,37.67334308399586,0100100000001001000001000001000001000001001111101111101111110111101101111111111100010100010000010111001001101010101010101110100001011111000100101011100110001110000011101110010100010110101010001100110111110101101011010101110001100100010010001001000000111010011000000010000000001010110110000011110001111101111111010000011000001000011000011000001000010111110111101101010001011001000010001000110000110110111011101010110101101110011101011000011010110011011111001010111100011101110101100111001000001111110000010101010101101010010000001010000010010101011100011010000001111101010111101101110001011101011000000001000000010011000100000011001111111111111111111111111111
v500_s8_p10,500,0.1,v500_s8_p10__h3__red__r4,h3,True,4,1.6794768828089357,300.0,15.806472083029803,1011011111101010101010101010101010101010110000010010010001110011001110010100010010111111111101100101011010110101011101011100000101101111111100000011010001000111011101110010101111111101111111010010000010001010001000001010000010000000110110101001010100101010001101101111101101010001111111111000001111010101101010111000100101001010110010000000010100000010101010100011111010111111100000110101111100011011111111010111111110100101001011111111001010110110011101001010111010001010001000100100000000001101110010100000101111101011111010100000001001000101011000100101000100000110111010111111110110101010110010111110111101110101011011111111001111000000000000110000001111
v500_s9_p10,500,0.1,v500_s9_p10__h4__red__r2,h4,True,2,1.7224469180912343,300.0,33.448726708011236,0100100000100000000100000100000000100100000101010101101110110110111110110101110010001110111010011011000100100000001110101010100010001001101011011011111000111110001110110101001101011100001000010000111011101000111110001111111101110010100110100010001100010111110111010111100010010101100110111000001010111100010101110110000111110111101011100011011100101110101110100101010011101000001000101011100010011100101100000111110111000110011111101101011101111100111001110110111000000100000010100101111010000101000001100101010101101111100101101010010001011110000111010001000100110101011011111011111111010100100010100000001010001000001000001010001111111111111111111111111111
v500_s0_p30,500,0.3,v500_s0_p30__h4__red__r2,h4,True,2,2.475550944206685,82.0,2.4891817499883473,101111011111111111011111010101111111000100100001111101111110011111110110001000001011111111110000010000101110110111100000000100011100100010010011010101101001101111111111000001111001100001101001111110010110000011001000000100100100101100100100010010101111011000100111110000000110110100100001111110010010101111000011001100001001100111110010011100111001100010011001010010111101101100110100110010111101100001001110111001100110000101000000110001111100111011111001110110110000100101100101001111110001001000010011001011001001111110011111100000000000000000000
v500_s1_p30,500,0.3,v500_s1_p30__h3__red__r3,h3,True,3,2.6631265908289787,80.0,1.2852782499976456,10111111111011111111111111010101111001111111010000100000000011100000111001000010101001100010011111010010000000011110000000000001001001011111010010101010111011011110110001011001010010000000001000000001001100101101100000000110111111000110001110011111110101101010000100111101010100111101000000101100111011011110000000111101111100001001001101111101011101100110111100110010001001010110000110100000100101101111111101101001001101000001101111111111111000011110000101111010111111101111110000111101100110100101100111111111111100000000000000000000000000001111
v500_s2_p30,500,0.3,v500_s2_p30__h3__red__r3,h3,True,3,2.5889123457755403,70.0,1.372784958977718,010000000001000000001000000000100000111111100001000000101111001100000100111100111111110100101110101011000011111111111011011010111000110110000001000000011010011101101101000000101100000011001111000100111111110011111101010000101010000000101110111101001011111100011011011111010110101101110100001111000011110010010110101010000000111000011011011010010100101011111111000001110111100111101001000100001110101011010111101001001101110101101001001110100101100001000100110111001000000110110011001010110111100111100110110111111001100000000001111111111111111
v500_s3_p30,500,0.3,v500_s3_p30__h3__red__r3,h3,True,3,2.490993020065135,76.0,1.3824007079820149,101101111111111111111111101111111110100100010000000011110100111111100101001110100000010000000100001010000110111011011001010011111001101001000001010011111001101111000111100000110101111100100101100001001010100000000111111010110111111111111111010010010000001001000100001110110000010110111101101101111000011011100011010110000011000100001001100000010111101101001101100110011010100100000101001100001110010111110001100000000110101111110011011100111111110000110001011111011100010010000111101101000000111111110111110000001000000000000000001111111111111111
v500_s4_p30,500,0.3,v500_s4_p30__h2+3__red__r0,h2+3,True,0,2.804869511069118,76.0,1.1005349999759346,101101111111111101111110101010100000000100100000111101010010011011000010001100000010000110110011010111100001110100100110110011011000000101100100101100100011110011111100001111101101100001011011101001000100000011110110110011000001011010100010010100110110011101001100001101100011100000100111110001111111011011101101011001111110001011011011011111110011001010010110111010011111111010010011110100110100110000100010000100100001100110000000101111011110110110000000110111101000110100001100111111111110111011010011111111111111111111110000000000000000000000
v500_s5_p30,500,0.3,v500_s5_p30__h2+3+4__red__r3,h2+3+4,True,3,2.61845421144362,70.0,2.4581901659839787,010010000100000000000000000000000101101111011111101111111101111111110001100111001111001001101001111111101101101011011110101101011111110111111100100000000111100110101001111110011111111001110011001110101111110100010000101101011101000000100001111110000110100101000100001101100000011100000000001101111010011111001011010010000100010110100101001100101001101111101000110100100011111000010111011000100100101000000101101111010010110001001111110011010000101100000010011000010010010010110110110101100111111110010111001001010001111111111111111111111111111
v500_s6_p30,500,0.3,v500_s6_p30__h3__red__r1,h3,True,1,2.711900212050725,76.0,1.0307747920160182,010000000010010000000000101011011111011110111010001110000001000001101111001001010010110010000000000010001001111110011001101010110101001110010001110011001010000011110000111111111001111101001000000111111001010110110011100101000000010010010110111000000001101101001101101110111111101101001110000000001100000010011001100101100100000001101100110011011000110010111111001100010000101101101100000001100101001011011000001101011110111110101101110011110111101011010001001011111101111101011001001101101100000000101000001100010110000000000000001111111111001111
v500_s7_p30,500,0.3,v500_s7_p30__h2+3__red__r3,h2+3,True,3,2.4766904573460664,78.0,1.512571208004374,1011110111111111110111101000010000000000100100000010001010100101100001011101111111111010110110011011010110000100100000001011100001100001010111111011001001111110000010110000101011001010011111111110010010010001110100110000000000001000010111111110010110111111101111101001010001101100000101111100100010010111111111110000001101101110010010111110111011011101111110100111100110011111111000011111110000011001100110111111101101001010000110011011110010011001001100111011011101100110111010011001100101010110111000011110110011100110000000000000000000000000000
v500_s8_p30,500,0.3,v500_s8_p30__h2+3+4__red__r2,h2+3+4,True,2,2.5831895702798167,80.0,2.9701459580101073,01000000001000000000001000000000001010000001011000000101111101100011111011111001111010001001000000010111100001110011111101101101011000100100101000011011111110101001010101000000000000001011011110011000110111111110110000111011111001011010011111010111010110101111100010011001011000000000000100010111100111110110111000000011111000001010000011001000000000000110111111101000000111111100100111000000100001101111000000000000101011110111011001001011000001001011011000100111001111010111011000011011010101100000111011011011000011001111111111111111111111111111
v500_s9_p30,500,0.3,v500_s9_p30__h3__red__r1,h3,True,1,2.587432998639832,72.0,1.1882396249566227,1011110111111010101101111111110111101000101101010010100100111101011011100000101101100100110000001011001001000010100110010100000011001101101111000011000111111000011001111010110111100000010000001000111011001101000001011110110001010010011010011111110011001111101001000100000000111011011010000110010111111010010011010011110010110001000001100001000011111111110011110000100100010010000001001001000111111101101100111100010100110101001000011001100100111111001000010110110010100100000011111101010110111111000011111111111111001100000011110000000011111111
v500_s0_p50,500,0.5,v500_s0_p50__h2+3+4__red__r4,h2+3+4,True,4,2.4818914607126166,82.0,3.2760547079960816,101111011111111111011111010101111111000100100001111010000110011111110110001000000100000000110000010000101110110111111011111011011100100010101011001001100110010011111111000001111111100110001001111110010110000010101000010100100100101100100100010010100011111001000111110000000110110100100111111010010010101111000011001100101001100111110010011100111001100010011001010010111101101100110100110010111101100001001111011001100110000101000000110010001111011011111001110110110000100010011001001111110001001000010100110011001001111110000000000000000000000000000
v500_s1_p50,500,0.5,v500_s1_p50__h2+3__red__r0,h2+3,True,0,2.6175352120905315,80.0,1.009791332995519,01000000000100000000000000101101111110000000101111011111111100000000110110111101010110011101100000010011111111100001111111111111001110100000101101010101001011011110101110100110101101111100001000000110110011010010011111100101010110111001110001100000001010010101111011000010101011000010111111010011000100100001111111000010000011110110110010000010100010011001000011001101110110101001111001011111011010010000000010010110110010111110010000000000000111100001111010000101000000010000001111000010011001011010011000000000000011111111111111111111111111110000
v500_s2_p50,500,0.5,v500_s2_p50__h2+3__red__r4,h2+3,True,4,2.591033548136982,70.0,1.4657684999983758,101111111110111111111111111011111111000010011101000000101111001111111011110011111111110100010010100100111100000000000000100100111111001001111110111111100101100101010010111111010011111100110000111011000000001100000010011111010101111111010010111110110100000011100100100000110110110010010100000000111100110010010000101010000001000111111011011010010100101011000000111111110111100111101001001011110001011011010111101001001100001010011001001110100101100001001011001001001000000110110011001001001111100111100110110111111000000000000001111111111111111
v500_s3_p50,500,0.5,v500_s3_p50__h3__red__r1,h3,True,1,2.5220268528661705,76.0,1.2873747090343386,010010000100000000000000010000000001010100101111111100001011000000010110110001011111101101111011110101111101000101011111001100000110001000111110100011110110010000111111111111010010000011011010011101000101011110011000000101001001111110000001001101101111110110111011111111110001101001000010010010000111011011011100101001111100110101001001100000101000010010110011100110011010011011111010110011101110010001101110011111111001011111111100100011000000001111001110100000101111101101111000010010111111000000001000001111110111111111111111110000000000000000
v500_s4_p50,500,0.5,v500_s4_p50__h2+3__red__r0,h2+3,True,0,2.9365439795821136,76.0,1.1201409159693867,101101111111111101111111011111011111110100100000111101101101100100111110001100000101011001000100101000000001111011011001000100100111111101101011010011011100001100000000000000010010011110100100010110111011111100001001001100111110100101011101101011001001100010110011110010011100011111011011001110000000100100010010100110011001110100100100100000001100110101101001000101100000000101101100001011001011001111011101111011011110011001111111010000100001001001111111001000010111001011110011000000000001000100101100000000000000000000001111111111111111111111
v500_s5_p50,500,0.5,v500_s5_p50__h2+3+4__red__r3,h2+3+4,True,3,2.556165208509193,70.0,2.461563709017355,010010000100000000000000000000000101101111011111101111111101111111110001100111001111001001101001111111101101101011011110101101011111110111111100100000000111100110101001111110011111111010110011001110101111110100010000001101011101000000100001111110000111100101000100001101100000011100001100001101111010011111001011010010000100010110100101001100101001010000001000110100101111111000010110101000100100111110000101101111011110110010111111110011010000101100000101100111010010010010110110110100011000011110010111001001010000000000000111111111111111111
v500_s6_p50,500,0.5,v500_s6_p50__h3__red__r4,h3,True,4,2.738922863201685,76.0,1.0305508750025183,010000000010010000000000101010100000100110111010001110000001000110010001001001010010110010000000001111110001111110011001101010110110110010010001110011001010000011111100111111111001111101010111111110111001010110110011101001000011010010001110111000001001101101001101010010111111101101001110000011001111110000011001100101100100111101101111000011011000110010000011001111010000101101101111111101100101001011011000001100000000001110101101110011110111101011010001001011111101111101011001001101101100000000101000001100010110000000000000001111111111001111
v500_s7_p50,500,0.5,v500_s7_p50__h2+3__red__r3,h2+3,True,3,2.521691777990238,78.0,1.5473292090464383,0100001000000000001000010111101111111111011011111101110101011010011110100010000000000101001001100100111111111011011111110100011110011110110111110100101000000001111101001100101100101010000000000001101101010010000100110000000000110110110110000110010110111111010000011001101101101100000010000011011111011011111111110000110010010001101101001000001011011010000001011000011110000111111111100000001000100101101001000001010010110101111000011000001101100110110011000100111101100001000101100110011010110110111000000001001100011001111111111111111111111111111
v500_s8_p50,500,0.5,v500_s8_p50__h4__red__r3,h4,True,3,2.551255437873745,80.0,2.4640008750138804,01000000001000000000001000000000001010000001011000000101111101100011111011011001111010001010111100010111101001110011111110010011011000100100101000011011111001011001010101000000000000001011011110011000110111111110110000111011111001011010011111010111010110101111100010011000100000000000000100010111100111011010111000000011111000001010000101001000000000000110111111101000000111111100100100000000100001101111000000000000101101110111011001001011000001001100100000100111001111010111011001100101010101100000111011011011111100001111111111111111111111111111
v500_s9_p50,500,0.5,v500_s9_p50__h3__red__r0,h3,True,0,2.6023348916857185,72.0,1.1757241660379805,0100001000000101010010000000001000010111010010101101011011000010100100011111010010011011001111110100110110111101011001101011111100110010010000111100111000000111100110000101001000011111101111110111000100110010110010100001001110101101100101100000001100110000010110111011111111000100100101111001101000000101101100101100001101001110111110011110111100000000001100001111011011101101111110110110111000000010010011000011101011001010110111100110011011000000110111101010111101011011111111000010101010111111111100000000111100110000000000001111111100000000
