run_id,graph_id,vertices,remove_ratio,hop_key,use_reduction,arm,metric,threshold,run_seed,status,error,elapsed_sec,n_subgraphs,partition_target_k,qubo_vars_total,qubo_vars_max,qubo_couplings_total,apsp_sum,strong_connect_rate,flow_score,strongly_connected,n_subgraphs_checked,n_subgraphs_embeddable,partition_embeddable,physical_qubits_total,max_chain_length,verify_sec
v100_s0_p0__h2+3__nored__degeneracy8,v100_s0_p0,100,0,h2+3,False,degeneracy8,degeneracy,8,151413802,ok,,17.4718,41,25,153,38,541,1.34292,1,108,True,41,41,True,254,4,1.74977
v100_s0_p0__h2+3__nored__treewidth454,v100_s0_p0,100,0,h2+3,False,treewidth454,treewidth,454,151413802,ok,,10.176,1,,284,284,4427,1.35142,1,48,True,1,1,True,2638,17,60.3801
v100_s0_p0__h2+3__red__degeneracy8,v100_s0_p0,100,0,h2+3,True,degeneracy8,degeneracy,8,151413802,ok,,17.0237,41,25,153,38,541,1.34292,1,108,True,41,41,True,241,4,1.80262
v100_s0_p0__h2+3__red__treewidth454,v100_s0_p0,100,0,h2+3,True,treewidth454,treewidth,454,151413802,ok,,9.67553,1,,284,284,4427,1.35142,1,48,True,1,1,True,2934,21,114.178
v100_s0_p0__h2__nored__degeneracy8,v100_s0_p0,100,0,h2,False,degeneracy8,degeneracy,8,151413802,ok,,18.1928,5,2,252,122,1062,1.30943,1,60,True,5,5,True,503,4,3.71626
v100_s0_p0__h2__nored__treewidth454,v100_s0_p0,100,0,h2,False,treewidth454,treewidth,454,151413802,ok,,8.80733,1,,284,284,1412,1.31966,1,48,True,1,1,True,1023,9,11.3417
v100_s0_p0__h2__red__degeneracy8,v100_s0_p0,100,0,h2,True,degeneracy8,degeneracy,8,151413802,ok,,18.0559,5,2,252,122,1062,1.30943,1,60,True,5,5,True,548,5,4.36846
v100_s0_p0__h2__red__treewidth454,v100_s0_p0,100,0,h2,True,treewidth454,treewidth,454,151413802,ok,,8.21515,1,,284,284,1412,1.31966,1,48,True,1,1,True,932,9,10.3596
v100_s0_p30__h2+3__nored__degeneracy8,v100_s0_p30,100,0.3,h2+3,False,degeneracy8,degeneracy,8,822628483,ok,,9.08134,14,9,119,52,427,1.50425,1,68,True,14,14,True,185,3,1.38591
v100_s0_p30__h2+3__nored__treewidth454,v100_s0_p30,100,0.3,h2+3,False,treewidth454,treewidth,454,822628483,ok,,5.56299,1,,199,199,2062,1.51362,0.92,48,True,1,1,True,1178,11,12.3439
v100_s0_p30__h2+3__red__degeneracy8,v100_s0_p30,100,0.3,h2+3,True,degeneracy8,degeneracy,8,822628483,ok,,7.03287,12,10,111,40,461,1.50255,1,68,True,12,12,True,196,4,1.44346
v100_s0_p30__h2+3__red__treewidth454,v100_s0_p30,100,0.3,h2+3,True,treewidth454,treewidth,454,822628483,ok,,4.62295,1,,182,182,2032,1.50925,1,48,True,1,1,True,1308,15,30.3255
v100_s0_p30__h2__nored__degeneracy8,v100_s0_p30,100,0.3,h2,False,degeneracy8,degeneracy,8,822628483,ok,,4.19765,1,,199,199,699,1.47643,0.87,48,True,1,1,True,425,4,2.76713
v100_s0_p30__h2__nored__treewidth454,v100_s0_p30,100,0.3,h2,False,treewidth454,treewidth,454,822628483,ok,,4.19226,1,,199,199,699,1.47643,0.87,48,True,1,1,True,425,4,2.97226
v100_s0_p30__h2__red__degeneracy8,v100_s0_p30,100,0.3,h2,True,degeneracy8,degeneracy,8,822628483,ok,,3.31662,1,,182,182,676,1.50152,1,48,True,1,1,True,446,7,6.98741
v100_s0_p30__h2__red__treewidth454,v100_s0_p30,100,0.3,h2,True,treewidth454,treewidth,454,822628483,ok,,3.11842,1,,182,182,676,1.50152,1,48,True,1,1,True,425,5,9.12885
v200_s0_p0__h2+3__nored__degeneracy8,v200_s0_p0,200,0,h2+3,False,degeneracy8,degeneracy,8,331455054,ok,,110.788,105,55,294,26,1019,1.32093,1,194,True,105,105,True,469,3,3.65904
v200_s0_p0__h2+3__nored__treewidth454,v200_s0_p0,200,0,h2+3,False,treewidth454,treewidth,454,331455054,ok,,50.852,1,,583,583,9710,1.34997,1,94,True,1,0,False,0,0,166.705
v200_s0_p0__h2+3__red__degeneracy8,v200_s0_p0,200,0,h2+3,True,degeneracy8,degeneracy,8,331455054,ok,,121.091,105,55,294,26,1019,1.32093,1,194,True,105,105,True,462,3,4.255
v200_s0_p0__h2+3__red__treewidth454,v200_s0_p0,200,0,h2+3,True,treewidth454,treewidth,454,331455054,ok,,48.7402,1,,583,583,9710,1.34997,1,94,True,1,0,False,0,0,153.998
v200_s0_p0__h2__nored__degeneracy8,v200_s0_p0,200,0,h2,False,degeneracy8,degeneracy,8,331455054,ok,,84.9633,5,2,530,451,2393,1.29538,1,106,True,5,5,True,1497,8,26.1388
v200_s0_p0__h2__nored__treewidth454,v200_s0_p0,200,0,h2,False,treewidth454,treewidth,454,331455054,ok,,22.5138,1,,583,583,2996,1.3115,1,94,True,1,1,True,1964,10,12.929
v200_s0_p0__h2__red__degeneracy8,v200_s0_p0,200,0,h2,True,degeneracy8,degeneracy,8,331455054,ok,,106.109,5,2,530,451,2393,1.29538,1,106,True,5,5,True,1412,12,89.2819
v200_s0_p0__h2__red__treewidth454,v200_s0_p0,200,0,h2,True,treewidth454,treewidth,454,331455054,ok,,22.522,1,,583,583,2996,1.3115,1,94,True,1,1,True,1967,9,28.498
v200_s0_p30__h2+3__nored__degeneracy8,v200_s0_p30,200,0.3,h2+3,False,degeneracy8,degeneracy,8,759745484,ok,,48.4493,34,18,230,32,783,1.4643,1,146,True,34,34,True,357,3,3.40165
v200_s0_p30__h2+3__nored__treewidth454,v200_s0_p30,200,0.3,h2+3,False,treewidth454,treewidth,454,759745484,ok,,32.7393,1,,408,408,4140,1.45523,0.97,94,True,1,1,True,2788,20,135.776
v200_s0_p30__h2+3__red__degeneracy8,v200_s0_p30,200,0.3,h2+3,True,degeneracy8,degeneracy,8,759745484,ok,,40.5561,42,28,200,40,679,1.4621,1,150,True,42,42,True,316,3,3.24636
v200_s0_p30__h2+3__red__treewidth454,v200_s0_p30,200,0.3,h2+3,True,treewidth454,treewidth,454,759745484,ok,,27.3565,1,,381,381,4040,1.4923,1,94,True,1,1,True,2469,13,127.41
v200_s0_p30__h2__nored__degeneracy8,v200_s0_p30,200,0.3,h2,False,degeneracy8,degeneracy,8,759745484,ok,,19.3852,1,,408,408,1439,1.45192,0.66,94,True,1,1,True,1086,14,44.078
v200_s0_p30__h2__nored__treewidth454,v200_s0_p30,200,0.3,h2,False,treewidth454,treewidth,454,759745484,ok,,19.9547,1,,408,408,1439,1.45192,0.66,94,True,1,1,True,1095,11,14.8362
v200_s0_p30__h2__red__degeneracy8,v200_s0_p30,200,0.3,h2,True,degeneracy8,degeneracy,8,759745484,ok,,16.2933,1,,381,381,1401,1.47873,1,94,True,1,1,True,1001,12,58.1817
v200_s0_p30__h2__red__treewidth454,v200_s0_p30,200,0.3,h2,True,treewidth454,treewidth,454,759745484,ok,,20.4449,1,,381,381,1401,1.47873,1,94,True,1,1,True,1001,12,56.8613
v300_s0_p0__h2+3__nored__degeneracy8,v300_s0_p0,300,0,h2+3,False,degeneracy8,degeneracy,8,791404282,ok,,538.477,240,167,323,14,732,1.30857,1,258,True,240,240,True,416,3,5.24809
v300_s0_p0__h2+3__nored__treewidth454,v300_s0_p0,300,0,h2+3,False,treewidth454,treewidth,454,791404282,ok,,138.067,1,,881,881,14795,1.32964,1,146,True,1,0,False,0,0,193.167
v300_s0_p0__h2+3__red__degeneracy8,v300_s0_p0,300,0,h2+3,True,degeneracy8,degeneracy,8,791404282,ok,,538.893,240,167,323,14,732,1.30857,1,258,True,240,240,True,413,3,5.81179
v300_s0_p0__h2+3__red__treewidth454,v300_s0_p0,300,0,h2+3,True,treewidth454,treewidth,454,791404282,ok,,115.41,1,,881,881,14795,1.32964,1,146,True,1,0,False,0,0,173.496
v300_s0_p0__h2__nored__degeneracy8,v300_s0_p0,300,0,h2,False,degeneracy8,degeneracy,8,791404282,ok,,311.133,41,9,703,108,2770,1.28505,1,198,True,41,41,True,1353,5,10.3396
v300_s0_p0__h2__nored__treewidth454,v300_s0_p0,300,0,h2,False,treewidth454,treewidth,454,791404282,ok,,100.957,1,,881,881,4536,1.29977,1,146,True,1,0,False,0,0,137.555
v300_s0_p0__h2__red__degeneracy8,v300_s0_p0,300,0,h2,True,degeneracy8,degeneracy,8,791404282,ok,,321.186,41,9,703,108,2770,1.28505,1,198,True,41,41,True,1350,4,16.961
v300_s0_p0__h2__red__treewidth454,v300_s0_p0,300,0,h2,True,treewidth454,treewidth,454,791404282,ok,,81.0089,1,,881,881,4536,1.29977,1,146,True,1,0,False,0,0,145.389
v300_s0_p30__h2+3__nored__degeneracy8,v300_s0_p30,300,0.3,h2+3,False,degeneracy8,degeneracy,8,1348495661,ok,,114.836,95,66,268,31,811,1.45132,1,188,True,95,95,True,396,3,4.36074
v300_s0_p30__h2+3__nored__treewidth454,v300_s0_p30,300,0.3,h2+3,False,treewidth454,treewidth,454,1348495661,ok,,77.6084,1,,617,617,6499,1.46994,1,148,True,1,0,False,0,0,144.162
v300_s0_p30__h2+3__red__degeneracy8,v300_s0_p30,300,0.3,h2+3,True,degeneracy8,degeneracy,8,1348495661,ok,,119.961,92,85,243,30,597,1.45081,1,220,True,92,92,True,320,3,4.4493
v300_s0_p30__h2+3__red__treewidth454,v300_s0_p30,300,0.3,h2+3,True,treewidth454,treewidth,454,1348495661,ok,,60.5489,1,,576,576,6260,1.50057,1,148,True,1,0,False,0,0,148.035
v300_s0_p30__h2__nored__degeneracy8,v300_s0_p30,300,0.3,h2,False,degeneracy8,degeneracy,8,1348495661,ok,,65.6083,1,,617,617,2209,1.48446,1,148,True,1,1,True,1762,14,48.7116
v300_s0_p30__h2__nored__treewidth454,v300_s0_p30,300,0.3,h2,False,treewidth454,treewidth,454,1348495661,ok,,54.7631,1,,617,617,2209,1.48446,1,148,True,1,1,True,1764,14,48.9806
v300_s0_p30__h2__red__degeneracy8,v300_s0_p30,300,0.3,h2,True,degeneracy8,degeneracy,8,1348495661,ok,,43.0118,1,,576,576,2155,1.50257,1,148,True,1,1,True,1629,11,100.313
v300_s0_p30__h2__red__treewidth454,v300_s0_p30,300,0.3,h2,True,treewidth454,treewidth,454,1348495661,ok,,43.4939,1,,576,576,2155,1.50257,1,148,True,1,1,True,1629,11,99.8791
v500_s0_p0__h2+3__nored__degeneracy8,v500_s0_p0,500,0,h2+3,False,degeneracy8,degeneracy,8,1477687778,ok,,1667.55,386,261,569,18,1455,1.31336,1,520,True,386,386,True,764,3,6.56574
v500_s0_p0__h2+3__nored__treewidth454,v500_s0_p0,500,0,h2+3,False,treewidth454,treewidth,454,1477687778,ok,,225.144,1,,1481,1481,25647,1.3393,1,268,True,1,0,False,0,0,195.787
v500_s0_p0__h2+3__red__degeneracy8,v500_s0_p0,500,0,h2+3,True,degeneracy8,degeneracy,8,1477687778,ok,,1639.91,386,261,569,18,1455,1.31336,1,520,True,386,386,True,769,3,5.4201
v500_s0_p0__h2+3__red__treewidth454,v500_s0_p0,500,0,h2+3,True,treewidth454,treewidth,454,1477687778,ok,,255.166,1,,1481,1481,25647,1.3393,1,268,True,1,0,False,0,0,210.125
v500_s0_p0__h2__nored__degeneracy8,v500_s0_p0,500,0,h2,False,degeneracy8,degeneracy,8,1477687778,ok,,973.374,65,16,1170,118,4542,1.29507,1,448,True,65,65,True,2235,5,22.0524
v500_s0_p0__h2__nored__treewidth454,v500_s0_p0,500,0,h2,False,treewidth454,treewidth,454,1477687778,ok,,225.598,1,,1481,1481,7751,1.30243,1,268,True,1,0,False,0,0,149.165
v500_s0_p0__h2__red__degeneracy8,v500_s0_p0,500,0,h2,True,degeneracy8,degeneracy,8,1477687778,ok,,971.818,65,16,1170,118,4542,1.29507,1,448,True,65,65,True,2138,4,19.5262
v500_s0_p0__h2__red__treewidth454,v500_s0_p0,500,0,h2,True,treewidth454,treewidth,454,1477687778,ok,,215.652,1,,1481,1481,7751,1.30243,1,268,True,1,0,False,0,0,155.927
v500_s0_p30__h2+3__nored__degeneracy8,v500_s0_p30,500,0.3,h2+3,False,degeneracy8,degeneracy,8,184397383,ok,,291.516,136,99,492,35,1449,1.41017,1,338,True,136,136,True,690,3,3.46538
v500_s0_p30__h2+3__nored__treewidth454,v500_s0_p30,500,0.3,h2+3,False,treewidth454,treewidth,454,184397383,ok,,116.419,1,,1037,1037,11353,1.43557,0.99,254,True,1,0,False,0,0,150.122
v500_s0_p30__h2+3__red__degeneracy8,v500_s0_p30,500,0.3,h2+3,True,degeneracy8,degeneracy,8,184397383,ok,,277.972,147,107,429,40,1189,1.4442,1,362,True,147,147,True,606,3,4.02555
v500_s0_p30__h2+3__red__treewidth454,v500_s0_p30,500,0.3,h2+3,True,treewidth454,treewidth,454,184397383,ok,,113.894,1,,960,960,10998,1.48697,1,254,True,1,0,False,0,0,146.155
v500_s0_p30__h2__nored__degeneracy8,v500_s0_p30,500,0.3,h2,False,degeneracy8,degeneracy,8,184397383,ok,,135.144,1,,1037,1037,3800,1.46446,0.96,254,True,1,0,False,0,0,131.441
v500_s0_p30__h2__nored__treewidth454,v500_s0_p30,500,0.3,h2,False,treewidth454,treewidth,454,184397383,ok,,152.054,1,,1037,1037,3800,1.46446,0.96,254,True,1,0,False,0,0,133.546
v500_s0_p30__h2__red__degeneracy8,v500_s0_p30,500,0.3,h2,True,degeneracy8,degeneracy,8,184397383,ok,,112.692,1,,960,960,3692,1.45982,1,254,True,1,0,False,0,0,131.044
v500_s0_p30__h2__red__treewidth454,v500_s0_p30,500,0.3,h2,True,treewidth454,treewidth,454,184397383,ok,,102.765,1,,960,960,3692,1.45982,1,254,True,1,0,False,0,0,128.798
