graph_id,vertices,remove_ratio_target,hop_key,rep,apsp_sum_off,apsp_sum_on,elapsed_sec_off,elapsed_sec_on,ok_off,ok_on,qubo_vars_total_off,qubo_vars_total_on,strongly_connected_off,strongly_connected_on,both_sc,diff_apsp,diff_time,ratio_time,diff_qubo_vars
v100_s0_p0,100,0.0,h2,0,2.2976312895858375,2.1718679774210172,0.6143688750453293,0.5888981660245918,True,True,148.0,144.0,True,True,True,-0.12576331216482028,-0.02547070902073756,0.9585416676278429,-4.0
v100_s0_p0,100,0.0,h3,0,1.8221257507924218,1.7782636238621086,1.2772459170082584,1.2168250830145553,True,True,148.0,144.0,True,True,True,-0.04386212693031322,-0.06042083399370313,0.9526944395052527,-4.0
v100_s0_p0,100,0.0,h4,0,1.8501937080876583,1.8382060560090858,2.0787438330007717,2.022869708016515,True,True,112.0,100.0,True,True,True,-0.011987652078572442,-0.05587412498425692,0.9731212070976539,-12.0
v100_s0_p0,100,0.0,h2+3,0,1.7794616758101705,1.7846666804015339,1.3135017500026152,1.2520392919541337,True,True,148.0,144.0,True,True,True,0.005205004591363416,-0.061462458048481494,0.9532071746015115,-4.0
v100_s0_p0,100,0.0,h2+3+4,0,1.8453988676867537,1.8183224920421888,2.514112541975919,2.4296586660202593,True,True,112.0,100.0,True,True,True,-0.027076375644564887,-0.0844538759556599,0.9664080765894095,-12.0
v100_s0_p10,100,0.1,h2,0,2.352686247996415,2.2584263159927165,0.4915205420111306,0.3452467499882914,True,True,133.0,99.0,True,True,True,-0.09425993200369831,-0.1462737920228392,0.7024055364515635,-34.0
v100_s0_p10,100,0.1,h3,0,2.043034726092882,2.018903368953955,0.7458236670354381,0.6406600420014001,True,True,133.0,99.0,True,True,True,-0.024131357138927,-0.10516362503403798,0.8589966641149226,-34.0
v100_s0_p10,100,0.1,h2+3,0,2.028948497696272,2.0760237246248856,0.8523194580338895,0.6844319590018131,True,True,133.0,99.0,True,True,True,0.047075226928613656,-0.16788749903207645,0.8030228015451444,-34.0
v100_s0_p30,100,0.3,h2,0,2.7906920713151577,2.716002207209742,0.46096816699719056,0.16764016699744388,True,True,111.0,33.0,True,True,True,-0.07468986410541589,-0.2933279999997467,0.3636697260235447,-78.0
v100_s0_p30,100,0.3,h3,0,2.750716687337919,2.6919214927246893,0.45326387498062104,0.2042885419796221,True,True,111.0,33.0,True,True,True,-0.058795194613229906,-0.24897533300099894,0.45070554539197794,-78.0
v100_s0_p30,100,0.3,h2+3,0,2.9170202543607338,2.609172983039251,0.5023487499565817,0.21204170800046995,True,True,111.0,33.0,True,True,True,-0.3078472713214828,-0.2903070419561118,0.4221005984762515,-78.0
v100_s0_p50,100,0.5,h2,0,2.735722049390402,2.6891865590319233,0.4853935420396738,0.17778262495994568,True,True,111.0,33.0,True,True,True,-0.046535490358478704,-0.3076109170797281,0.36626491611916534,-78.0
v100_s0_p50,100,0.5,h3,0,2.536975012048449,2.609172983039251,0.5055355000076815,0.20257299998775125,True,True,111.0,33.0,True,True,True,0.07219797099080205,-0.3029625000199303,0.4007097424111129,-78.0
v100_s0_p50,100,0.5,h2+3,0,2.8249524902168113,2.691921492724679,0.5132057919981889,0.2182955410098657,True,True,111.0,33.0,True,True,True,-0.1330309974921322,-0.29491025098832324,0.4253567368363529,-78.0
v100_s1_p0,100,0.0,h2,0,2.100751095985956,2.036138164585135,0.6372581250034273,0.6231372079928406,True,True,148.0,144.0,True,True,True,-0.0646129314008208,-0.014120917010586709,0.9778411346100754,-4.0
v100_s1_p0,100,0.0,h3,0,1.7716787981939492,1.7677357362054336,1.2843057499849238,1.2216531250160187,True,True,148.0,144.0,True,True,True,-0.003943061988515684,-0.062652624968905,0.9512167371596363,-4.0
v100_s1_p0,100,0.0,h4,0,1.7863412008866593,1.7605324907976554,1.8707969170063734,2.127542416972574,True,True,114.0,101.0,True,True,True,-0.025808710089003872,0.25674549996620044,1.1372385733760142,-13.0
v100_s1_p0,100,0.0,h2+3,0,1.7719967117618614,1.7403433398812183,1.3275561250047758,1.2641550419502892,True,True,148.0,144.0,True,True,True,-0.0316533718806431,-0.06340108305448666,0.9522422578900319,-4.0
v100_s1_p0,100,0.0,h2+3+4,0,1.7477733181521105,1.7317117391587162,2.2961981660337187,2.5114682499552146,True,True,114.0,101.0,True,True,True,-0.01606157899339422,0.21527008392149583,1.0937506558039531,-13.0
v100_s1_p10,100,0.1,h2,0,2.866604399668803,2.841431422673849,0.5016040420159698,0.3413716669892892,True,True,133.0,99.0,True,True,True,-0.025172976994954244,-0.16023237502668053,0.680560040180898,-34.0
v100_s1_p10,100,0.1,h3,0,2.0648180413202755,2.2094536313195055,0.7846177500323392,0.5151417090091854,True,True,133.0,99.0,True,True,True,0.14463558999922999,-0.2694760410231538,0.6565511792053558,-34.0
v100_s1_p10,100,0.1,h4,0,2.49538664947155,2.372373890625461,1.4987223750213161,1.144054332980886,True,True,135.0,114.0,True,True,True,-0.1230127588460892,-0.35466804204043,0.7633530746243876,-21.0
v100_s1_p10,100,0.1,h2+3,0,2.08019290682416,2.1974794096443033,0.8447557920007966,0.5521514999563806,True,True,133.0,99.0,True,True,True,0.1172865028201433,-0.29260429204441607,0.653622627018176,-34.0
v100_s1_p10,100,0.1,h2+3+4,0,2.3736469348964793,2.2805215856385592,1.877322959015146,1.423489500011783,True,True,135.0,114.0,True,True,True,-0.09312534925792004,-0.4538334590033628,0.758254989199383,-21.0
v100_s1_p30,100,0.3,h2,0,2.8622758975662093,2.881318519806652,0.47307829197961837,0.12852004199521616,True,True,105.0,15.0,True,True,True,0.019042622240442952,-0.3445582499844022,0.27166759535175034,-90.0
v100_s1_p30,100,0.3,h3,0,2.8691300302261884,2.9616776905986835,0.4834792499896139,0.1425638750079088,True,True,105.0,15.0,True,True,True,0.09254766037249507,-0.3409153749817051,0.29487072094815103,-90.0
v100_s1_p30,100,0.3,h2+3,0,2.8326941710486158,2.9616776905986835,0.5038367090164684,0.14198195899371058,True,True,105.0,15.0,True,True,True,0.1289835195500677,-0.3618547500227578,0.2818015369917593,-90.0
v100_s1_p50,100,0.5,h2,0,2.853951264502905,2.9859806844662957,0.47242558299330994,0.12959654198493809,True,True,105.0,15.0,True,True,True,0.1320294199633909,-0.34282904100837186,0.27432160037525594,-90.0
v100_s1_p50,100,0.5,h3,0,2.8691300302261884,2.9616776905986835,0.47062662499956787,0.13775337499100715,True,True,105.0,15.0,True,True,True,0.09254766037249507,-0.3328732500085607,0.29270204377224435,-90.0
v100_s1_p50,100,0.5,h2+3,0,2.8865788914338175,2.9616776905986835,0.49347054201643914,0.13827991700964049,True,True,105.0,15.0,True,True,True,0.07509879916486595,-0.35519062500679865,0.280219192911892,-90.0
v200_s0_p0,200,0.0,h2,0,,,1.5536373329814523,1.5114736670511775,True,True,298.0,294.0,False,False,False,,-0.042163665930274874,0.9728613203125326,-4.0
v200_s0_p0,200,0.0,h3,0,1.7332620645923467,1.6793275000977277,4.381414333998691,4.249837958021089,True,True,298.0,294.0,True,True,True,-0.053934564494618975,-0.13157637597760186,0.9699694286028596,-4.0
v200_s0_p0,200,0.0,h4,0,1.699694345562016,1.7155929865064363,7.414794582989998,7.1669439999968745,True,True,158.0,195.0,True,True,True,0.015898640944420395,-0.24785058299312368,0.9665735064917768,37.0
v200_s0_p0,200,0.0,h2+3,0,1.7196503611100669,1.7307247564708248,4.601301874965429,4.488981582981069,True,True,298.0,294.0,True,True,True,0.011074395360757938,-0.11232029198436067,0.9755894538031794,-4.0
v200_s0_p0,200,0.0,h2+3+4,0,1.6914284433493993,1.7319524927142678,8.404117292026058,8.338444416993298,True,True,158.0,195.0,True,True,True,0.04052404936486842,-0.0656728750327602,0.992185630834178,37.0
v200_s0_p10,200,0.1,h2,0,,,1.4896985000232235,0.8337395829730667,True,True,268.0,204.0,False,False,False,,-0.6559589170501567,0.559670015751556,-64.0
v200_s0_p10,200,0.1,h3,0,1.9725677447721968,1.9215594572419852,2.5146564170136116,2.2293501250096597,True,True,268.0,204.0,True,True,True,-0.05100828753021158,-0.28530629200395197,0.8865426345827476,-64.0
v200_s0_p10,200,0.1,h4,0,,1.8794736029229746,4.710642958001699,3.306534958013799,True,True,205.0,136.0,False,True,False,,-1.4041079999879003,0.7019285875608928,-69.0
v200_s0_p10,200,0.1,h2+3,0,2.0504842836834034,1.9349040385793141,2.6923844999982975,2.3112973329843953,True,True,268.0,204.0,True,True,True,-0.11558024510408926,-0.3810871670139022,0.858457375975035,-64.0
v200_s0_p10,200,0.1,h2+3+4,0,,1.894418372070605,5.608100833022036,3.8948189159855247,True,True,205.0,136.0,False,True,False,,-1.713281917036511,0.6944987317367339,-69.0
v200_s0_p30,200,0.3,h2,0,3.2124203468465047,3.07185994135581,0.965562375029549,0.23247312498278916,True,True,216.0,48.0,True,True,True,-0.1405604054906946,-0.7330892500467598,0.24076448191726071,-168.0
v200_s0_p30,200,0.3,h3,0,,3.1235915063689164,0.9222008750075474,0.2880953749991022,True,True,216.0,48.0,False,True,False,,-0.6341055000084452,0.3123998066004268,-168.0
v200_s0_p30,200,0.3,h4,0,,3.044681791654355,0.8893461659899913,0.44255845801671967,True,True,566.0,30.0,False,True,False,,-0.4467877079732716,0.49762227009105947,-536.0
v200_s0_p30,200,0.3,h2+3,0,,2.9735921153163063,0.9880770840100013,0.29874441702850163,True,True,216.0,48.0,False,True,False,,-0.6893326669814996,0.30234930236017676,-168.0
v200_s0_p30,200,0.3,h2+3+4,0,,2.997204793795438,1.1141714580007829,0.5227107089594938,True,True,566.0,31.0,False,True,False,,-0.5914607490412891,0.4691474594919362,-535.0
v200_s0_p50,200,0.5,h2,0,,3.12553872542554,0.8825340830371715,0.24518816597992554,True,True,216.0,48.0,False,True,False,,-0.637345917057246,0.2778228860421229,-168.0
v200_s0_p50,200,0.5,h3,0,,3.0962413983051316,0.9273746249964461,0.2895162500208244,True,True,216.0,48.0,False,True,False,,-0.6378583749756217,0.31218910051796367,-168.0
v200_s0_p50,200,0.5,h4,0,,2.928805914170156,0.8873892500414513,0.445442333992105,True,True,566.0,30.0,False,True,False,,-0.44194691604934633,0.501969495315948,-536.0
v200_s0_p50,200,0.5,h2+3,0,,3.0886555457524425,0.9985940830083564,0.3074619580293074,True,True,216.0,48.0,False,True,False,,-0.691132124979049,0.3078948326061076,-168.0
v200_s0_p50,200,0.5,h2+3+4,0,,2.903217758144105,1.1079619160154834,0.5233710420434363,True,True,566.0,31.0,False,True,False,,-0.5845908739720471,0.47237277245558534,-535.0
v200_s1_p0,200,0.0,h2,0,2.2195574948933547,2.2304689312426316,1.812693500018213,1.7449937500059605,True,True,298.0,294.0,True,True,True,0.010911436349276826,-0.06769975001225248,0.9626524009648778,-4.0
v200_s1_p0,200,0.0,h3,0,1.711143684084593,1.6722436828045257,4.571419832995161,4.501575667003635,True,True,298.0,294.0,True,True,True,-0.03890000128006732,-0.0698441659915261,0.984721559484121,-4.0
v200_s1_p0,200,0.0,h4,0,1.7214073860603378,1.779540127712569,6.6891450000111945,5.866367916984018,True,True,235.0,236.0,True,True,True,0.05813274165223126,-0.8227770830271766,0.8769981689699058,1.0
v200_s1_p0,200,0.0,h2+3,0,1.7165152709016511,1.7244484189248548,4.731522375019267,4.620624083036091,True,True,298.0,294.0,True,True,True,0.007933148023203662,-0.11089829198317602,0.9765618160090125,-4.0
v200_s1_p0,200,0.0,h2+3+4,0,1.7403040087778394,,7.881853166036308,6.8094406250165775,True,True,235.0,236.0,True,False,False,,-1.0724125410197303,0.8639390358550623,1.0
v200_s1_p10,200,0.1,h2,0,2.970370555269701,2.4450944967160484,1.3653810829855502,0.8683262499980628,True,True,268.0,204.0,True,True,True,-0.5252760585536524,-0.4970548329874873,0.6359588988148097,-64.0
v200_s1_p10,200,0.1,h3,0,1.9526150594929816,1.9106595639282469,3.2186330420081504,2.3381168749765493,True,True,268.0,204.0,True,True,True,-0.04195549556473477,-0.8805161670316011,0.7264316386678754,-64.0
v200_s1_p10,200,0.1,h4,0,,1.9036619399030534,4.908003917022143,3.37316291697789,True,True,189.0,189.0,False,True,False,,-1.5348410000442527,0.6872779594325397,0.0
v200_s1_p10,200,0.1,h2+3,0,1.9261029395467872,1.9172511270988948,3.072080834012013,2.2678381669684313,True,True,268.0,204.0,True,True,True,-0.00885181244789246,-0.8042426670435816,0.7382091453650739,-64.0
v200_s1_p10,200,0.1,h2+3+4,0,,1.8864012722276116,5.790005499962717,4.001693375001196,True,True,189.0,189.0,False,True,False,,-1.7883121249615215,0.6911380956420444,0.0
v200_s1_p30,200,0.3,h2,0,3.728331053274752,3.321666881074589,0.828055249992758,0.20956454100087285,True,True,213.0,39.0,True,True,True,-0.40666417220016315,-0.6184907089918852,0.2530803844341373,-174.0
v200_s1_p30,200,0.3,h3,0,3.720030398314945,2.980079301963408,0.8693603330175392,0.24301737500354648,True,True,213.0,39.0,True,True,True,-0.739951096351537,-0.6263429580139928,0.27953584465952813,-174.0
v200_s1_p30,200,0.3,h2+3,0,,3.141078419913499,0.8608857080107555,0.24663654097821563,True,True,213.0,39.0,False,True,False,,-0.6142491670325398,0.2864916198319955,-174.0
v200_s1_p50,200,0.5,h2,0,3.341658159387059,3.1270855256005223,0.8350899170036428,0.2147615000139922,True,True,213.0,39.0,True,True,True,-0.21457263378653657,-0.6203284169896506,0.25717170767019976,-174.0
v200_s1_p50,200,0.5,h3,0,,3.1402767285089435,0.8235613330034539,0.24476433399831876,True,True,213.0,39.0,False,True,False,,-0.5787969990051351,0.29720231413206993,-174.0
v200_s1_p50,200,0.5,h2+3,0,3.2937863285350555,2.9853455677175984,0.9383437910000794,0.25812133302679285,True,True,213.0,39.0,True,True,True,-0.3084407608174571,-0.6802224579732865,0.27508183621238563,-174.0
v300_s0_p0,300,0.0,h2,0,2.3564943818888855,2.371221143191037,3.313897875021212,3.293225583038293,True,True,448.0,444.0,True,True,True,0.014726761302151559,-0.020672291982918978,0.9937619405417596,-4.0
v300_s0_p0,300,0.0,h3,0,1.6949206554749094,1.6953338430771372,9.7611907919636,9.569059375033248,True,True,448.0,444.0,True,True,True,0.0004131876022277492,-0.1921314169303514,0.9803168054978975,-4.0
v300_s0_p0,300,0.0,h4,0,1.689007693767628,1.690731558897153,13.224854291998781,15.24898266600212,True,True,314.0,298.0,True,True,True,0.0017238651295250484,2.0241283740033396,1.1530548714799804,-16.0
v300_s0_p0,300,0.0,h2+3,0,1.7076533249583037,1.7081487362391299,10.065594959014561,9.814014166011475,True,True,448.0,444.0,True,True,True,0.0004954112808261968,-0.251580793003086,0.9750058695956393,-4.0
v300_s0_p0,300,0.0,h2+3+4,0,1.706711754468803,1.6647271811775186,15.034475874970667,17.123745125019923,True,True,314.0,298.0,True,True,True,-0.041984573291284466,2.089269250049256,1.1389652201662355,-16.0
v300_s0_p10,300,0.1,h2,0,,3.0103939577650727,2.64446116698673,1.6981097499956377,True,True,403.0,309.0,False,True,False,,-0.9463514169910923,0.6421382817772945,-94.0
v300_s0_p10,300,0.1,h3,0,1.9991045697074472,1.9705714947217128,5.677390166034456,4.762097708997317,True,True,403.0,309.0,True,True,True,-0.02853307498573443,-0.9152924570371397,0.8387828861026733,-94.0
v300_s0_p10,300,0.1,h4,0,1.9442665362096314,1.9001374113048128,12.670064791978803,7.736784458043985,True,True,176.0,187.0,True,True,True,-0.04412912490481857,-4.9332803339348175,0.6106349561007777,11.0
v300_s0_p10,300,0.1,h2+3,0,1.9301002851480458,1.9302116736591692,5.418027375009842,4.820592333038803,True,True,403.0,309.0,True,True,True,0.00011138851112346693,-0.597435041971039,0.8897320001137954,-94.0
v300_s0_p10,300,0.1,h2+3+4,0,1.9216449930434154,1.8909601470285704,13.912872165965382,8.824315750040114,True,True,176.0,187.0,True,True,True,-0.030684846014845002,-5.088556415925268,0.6342555041673392,11.0
v300_s0_p30,300,0.3,h2,0,,2.761291781342171,1.6960582920000888,0.26164133299607784,True,True,316.0,48.0,False,True,False,,-1.434416959004011,0.15426435177975836,-268.0
v300_s0_p30,300,0.3,h3,0,,3.0417531911409608,1.6622455000178888,0.31978004198754206,True,True,316.0,48.0,False,True,False,,-1.3424654580303468,0.19237834723216315,-268.0
v300_s0_p30,300,0.3,h2+3,0,,3.038589134298469,1.8500224169692956,0.337854209006764,True,True,316.0,48.0,False,True,False,,-1.5121682079625316,0.1826216838822074,-268.0
v300_s0_p50,300,0.5,h2,0,3.3784333778337996,3.134483977320803,1.8714392500114627,0.26528787502320483,True,True,316.0,48.0,True,True,True,-0.24394940051299674,-1.6061513749882579,0.14175607090723352,-268.0
v300_s0_p50,300,0.5,h3,0,,2.978524875665319,1.6854196249623783,0.32654587499564514,True,True,316.0,48.0,False,True,False,,-1.3588737499667332,0.19374752148322366,-268.0
v300_s0_p50,300,0.5,h2+3,0,,3.0322603614427623,1.880596124974545,0.32737558300141245,True,True,316.0,48.0,False,True,False,,-1.5532205419731326,0.17408074953139854,-268.0
v300_s1_p0,300,0.0,h2,0,,2.109720905815224,3.2982822909834795,3.433379750000313,True,True,448.0,444.0,False,True,False,,0.13509745901683345,1.0409599443280368,-4.0
v300_s1_p0,300,0.0,h3,0,1.7074676700369615,1.7110993595416006,10.004946833010763,9.813400625018403,True,True,448.0,444.0,True,True,True,0.003631689504639102,-0.19154620799236,0.9808548499867722,-4.0
v300_s1_p0,300,0.0,h4,0,1.657229512204714,1.6295577663468095,15.644574082980398,19.07763645797968,True,True,277.0,199.0,True,True,True,-0.02767174585790455,3.433062374999281,1.2194410890823855,-78.0
v300_s1_p0,300,0.0,h2+3,0,1.68546983508544,1.7090755393950867,10.196069833997171,10.103000250004698,True,True,448.0,444.0,True,True,True,0.023605704309646702,-0.09306958399247378,0.9908720138732133,-4.0
v300_s1_p0,300,0.0,h2+3+4,0,1.6292505311400252,1.6138361933828196,17.390647375024855,20.424464000039734,True,True,277.0,199.0,True,True,True,-0.015414337757205576,3.033816625014879,1.1744510459899162,-78.0
v300_s1_p10,300,0.1,h2,0,2.6013561122016484,,2.7821150419767946,1.556725375005044,True,True,403.0,309.0,True,False,False,,-1.2253896669717506,0.559547449159016,-94.0
v300_s1_p10,300,0.1,h3,0,1.8958353751701573,1.8146016375577012,5.486344625009224,4.919281291018706,True,True,403.0,309.0,True,True,True,-0.08123373761245611,-0.567063333990518,0.8966409562743127,-94.0
v300_s1_p10,300,0.1,h4,0,1.9084506795177976,1.7722043716344085,10.983431959000882,9.27390666701831,True,True,249.0,153.0,True,True,True,-0.1362463078833891,-1.7095252919825725,0.8443541783329733,-96.0
v300_s1_p10,300,0.1,h2+3,0,1.8780248344437451,1.831846516041625,6.004044541972689,5.073030375002418,True,True,403.0,309.0,True,True,True,-0.046178318402120055,-0.9310141669702716,0.8449354996516436,-94.0
v300_s1_p10,300,0.1,h2+3+4,0,1.9645403382459055,1.7807245545269539,12.376450290961657,10.31320895801764,True,True,251.0,155.0,True,True,True,-0.18381578371895158,-2.063241332944017,0.8332929649100783,-96.0
v300_s1_p30,300,0.3,h2,0,3.1251043520824764,2.829507335669013,1.9891319170128554,0.2979067499982193,True,True,320.0,60.0,True,True,True,-0.29559701641346336,-1.691225167014636,0.1497672162666796,-260.0
v300_s1_p30,300,0.3,h3,0,2.7533913407220263,2.608662495307922,2.386027083033696,0.43995020899455994,True,True,320.0,60.0,True,True,True,-0.14472884541410425,-1.9460768740391359,0.18438609189430852,-260.0
v300_s1_p30,300,0.3,h4,0,,2.5838996637772835,1.3076652499730699,0.6372780419769697,True,True,819.0,57.0,False,True,False,,-0.6703872079961002,0.4873403510493942,-762.0
v300_s1_p30,300,0.3,h2+3,0,3.0202921278876094,2.5603543369853834,2.2819189590518363,0.45726370898773894,True,True,320.0,60.0,True,True,True,-0.459937790902226,-1.8246552500640973,0.20038560404342198,-260.0
v300_s1_p30,300,0.3,h2+3+4,0,,2.7391375057328715,1.6813705840031616,0.7249548329855315,True,True,819.0,57.0,False,True,False,,-0.9564157510176301,0.4311689760025969,-762.0
v300_s1_p50,300,0.5,h2,0,3.6078025900245336,2.617814432669898,2.126508042041678,0.3065789999673143,True,True,320.0,60.0,True,True,True,-0.9899881573546354,-1.8199290420743637,0.1441701577920981,-260.0
v300_s1_p50,300,0.5,h3,0,2.773676073031455,2.6790602582753915,2.1826962499762885,0.448353165993467,True,True,320.0,60.0,True,True,True,-0.09461581475606362,-1.7343430839828216,0.20541253323651315,-260.0
v300_s1_p50,300,0.5,h4,0,,2.69798718572283,1.2939264169544913,0.6135587500175461,True,True,819.0,57.0,False,True,False,,-0.6803676669369452,0.47418364906845056,-762.0
v300_s1_p50,300,0.5,h2+3,0,3.3604304401059917,2.6685648865506,2.3380910420091823,0.4480607499717735,True,True,320.0,60.0,True,True,True,-0.6918655535553917,-1.8900302920374088,0.19163528789997128,-260.0
v300_s1_p50,300,0.5,h2+3+4,0,,2.7368253504497364,1.6535814169910736,0.6638444159762003,True,True,819.0,57.0,False,True,False,,-0.9897370010148734,0.40145856088789356,-762.0
v400_s0_p0,400,0.0,h2,0,,,5.631029749987647,5.55162395798834,True,True,598.0,594.0,False,False,False,,-0.07940579199930653,0.9858985309037871,-4.0
v400_s0_p0,400,0.0,h3,0,1.672744617681715,1.6850982653591915,18.346210208022967,18.088724833040033,True,True,598.0,594.0,True,True,True,0.012353647677476598,-0.25748537498293445,0.9859652008745472,-4.0
v400_s0_p0,400,0.0,h4,0,1.6587028177897114,,37.79197266604751,31.59910549997585,True,True,350.0,456.0,True,False,False,,-6.1928671660716645,0.836132735890885,106.0
v400_s0_p0,400,0.0,h2+3,0,1.6738114609983417,1.6647085028600028,29.757108625024557,29.660191375005525,True,True,598.0,594.0,True,True,True,-0.009102958138338835,-0.09691725001903251,0.9967430555421124,-4.0
v400_s0_p0,400,0.0,h2+3+4,0,1.6605885666594287,,50.43776133301435,45.69929725001566,True,True,350.0,456.0,True,False,False,,-4.738464082998689,0.9060532434872938,106.0
v400_s0_p10,400,0.1,h2,0,,,6.071963833004702,3.7735364999971353,True,True,538.0,414.0,False,False,False,,-2.2984273330075666,0.6214688696737192,-124.0
v400_s0_p10,400,0.1,h3,0,2.020003330195871,1.88907453315076,13.080901167006232,14.061654457997065,True,True,538.0,414.0,True,True,True,-0.13092879704511118,0.9807532909908332,1.0749759728683352,-124.0
v400_s0_p10,400,0.1,h4,0,,1.8364247252412398,32.26446700002998,19.999281542026438,True,True,303.0,291.0,False,True,False,,-12.265185458003543,0.6198547009007728,-12.0
v400_s0_p10,400,0.1,h2+3,0,2.082816135475486,1.8363151730221055,12.938474832975771,14.010467625048477,True,True,538.0,414.0,True,True,True,-0.2465009624533807,1.071992792072706,1.0828531033148174,-124.0
v400_s0_p10,400,0.1,h2+3+4,0,,1.873408840851764,35.965907958045136,22.46390724997036,True,True,303.0,291.0,False,True,False,,-13.502000708074775,0.6245889100359959,-12.0
v400_s0_p30,400,0.3,h2,0,,2.950693010372719,3.2058680420159362,0.7851707080262713,True,True,436.0,108.0,False,True,False,,-2.420697333989665,0.24491672699433217,-328.0
v400_s0_p30,400,0.3,h3,0,,2.720034076403033,3.484588249993976,1.1027136250049807,True,True,436.0,108.0,False,True,False,,-2.3818746249889955,0.3164544978899263,-328.0
v400_s0_p30,400,0.3,h2+3,0,,2.848690502912245,3.6107211249764077,1.1374056249624118,True,True,436.0,108.0,False,True,False,,-2.473315500013996,0.31500788501627736,-328.0
v400_s0_p50,400,0.5,h2,0,,2.920184063225733,3.3191930419998243,0.7977008339948952,True,True,436.0,108.0,False,True,False,,-2.521492208004929,0.2403297500028133,-328.0
v400_s0_p50,400,0.5,h3,0,,2.806824741259841,3.524968124984298,1.1089219579589553,True,True,436.0,108.0,False,True,False,,-2.4160461670253426,0.3145906341958468,-328.0
v400_s0_p50,400,0.5,h2+3,0,,2.9234500782074515,3.646427208033856,1.1215802090009674,True,True,436.0,108.0,False,True,False,,-2.5248469990328886,0.3075833260924247,-328.0
v400_s1_p0,400,0.0,h2,0,,,9.045183708018158,9.334587624995038,True,True,598.0,594.0,False,False,False,,0.2894039169768803,1.031995360881431,-4.0
v400_s1_p0,400,0.0,h3,0,1.6757850595684682,1.6869077751820092,29.369275582954288,28.834744125022553,True,True,598.0,594.0,True,True,True,0.011122715613540946,-0.5345314579317346,0.9817996376375734,-4.0
v400_s1_p0,400,0.0,h4,0,1.6385287132733897,1.6352126561641664,53.89112570800353,52.28012316703098,True,True,351.0,350.0,True,True,True,-0.003316057109223225,-1.6110025409725495,0.9701063483123105,-1.0
v400_s1_p0,400,0.0,h2+3,0,1.6688503080270896,1.6787236864685642,29.63386979198549,29.305312749987934,True,True,598.0,594.0,True,True,True,0.009873378441474623,-0.32855704199755564,0.9889127864735906,-4.0
v400_s1_p0,400,0.0,h2+3+4,0,1.6420020015066599,1.6224903980544225,57.18819091696059,55.62946516595548,True,True,351.0,350.0,True,True,True,-0.019511603452237347,-1.5587257510051131,0.9727439227222899,-1.0
v400_s1_p10,400,0.1,h2,0,,,5.883481417025905,3.7982370419777,True,True,538.0,414.0,False,False,False,,-2.0852443750482053,0.6455764491727936,-124.0
v400_s1_p10,400,0.1,h3,0,2.1463369984987146,1.9158345678493105,11.389409583003726,12.104051541013177,True,True,538.0,414.0,True,True,True,-0.23050243064940412,0.7146419580094516,1.0627461812485788,-124.0
v400_s1_p10,400,0.1,h4,0,,1.8578361519287798,30.5177372500184,22.17168924998259,True,True,343.0,221.0,False,True,False,,-8.346048000035807,0.7265181251263714,-122.0
v400_s1_p10,400,0.1,h2+3,0,2.1820366338004833,1.936466590513611,11.450174542027526,11.351490708009806,True,True,538.0,414.0,True,True,True,-0.24557004328687237,-0.09868383401772007,0.991381455919689,-124.0
v400_s1_p10,400,0.1,h2+3+4,0,,1.8072100273938643,34.22378870897228,24.871624874998815,True,True,343.0,222.0,False,True,False,,-9.352163833973464,0.7267349937933185,-121.0
v400_s1_p30,400,0.3,h2,0,,,3.151180166983977,0.49350604199571535,True,True,431.0,93.0,False,False,False,,-2.6576741249882616,0.1566099098891113,-338.0
v400_s1_p30,400,0.3,h3,0,,3.144850455813031,3.2773864589980803,0.8431340000242926,True,True,431.0,93.0,False,True,False,,-2.4342524589737877,0.2572580348922429,-338.0
v400_s1_p30,400,0.3,h4,0,,3.1500899896687073,2.9938766669947654,1.750384707993362,True,True,1104.0,72.0,False,True,False,,-1.2434919590014033,0.5846549149101681,-1032.0
v400_s1_p30,400,0.3,h2+3,0,,3.2675392779381616,3.5215442089829594,0.9016347920405678,True,True,431.0,93.0,False,True,False,,-2.6199094169423915,0.25603392674742675,-338.0
v400_s1_p30,400,0.3,h2+3+4,0,,3.137369558098338,3.805251165991649,2.139752666989807,True,True,1104.0,73.0,False,True,False,,-1.665498499001842,0.5623157509583699,-1031.0
v400_s1_p50,400,0.5,h2,0,,3.809743686022928,3.0903947500046343,0.6536319580045529,True,True,431.0,93.0,False,True,False,,-2.4367627920000814,0.21150435814181107,-338.0
v400_s1_p50,400,0.5,h3,0,,3.290136871059489,3.2841773339896463,0.8346977919572964,True,True,431.0,93.0,False,True,False,,-2.44947954203235,0.2541573450734764,-338.0
v400_s1_p50,400,0.5,h4,0,,3.1969244018412346,2.9482987499795854,1.7491796250105835,True,True,1104.0,58.0,False,True,False,,-1.1991191249690019,0.5932843898613379,-1046.0
v400_s1_p50,400,0.5,h2+3,0,,3.1758782061907938,3.6118046659976244,0.8702517919591628,True,True,431.0,93.0,False,True,False,,-2.7415528740384616,0.24094652741105219,-338.0
v400_s1_p50,400,0.5,h2+3+4,0,,3.12846611520674,3.769308999995701,2.121965290978551,True,True,1104.0,59.0,False,True,False,,-1.64734370901715,0.5629586990562384,-1045.0
v500_s0_p0,500,0.0,h2,0,2.2598422986858284,,15.315123667009175,13.674054291972425,True,True,748.0,744.0,True,False,False,,-1.64106937503675,0.8928464822930661,-4.0
v500_s0_p0,500,0.0,h3,0,1.6355670315967512,1.6536414842015201,43.94567379099317,44.261917916999664,True,True,748.0,744.0,True,True,True,0.01807445260476892,0.3162441260064952,1.0071962516153594,-4.0
v500_s0_p0,500,0.0,h4,0,1.5678475411927888,1.6119716472698715,80.25611116702203,74.99570470897015,True,True,327.0,414.0,True,True,True,0.044124106077082725,-5.260406458051875,0.9344547551387785,87.0
v500_s0_p0,500,0.0,h2+3,0,1.6432582104566213,1.648787358458229,45.427676249993965,44.752622209023684,True,True,748.0,744.0,True,True,True,0.005529148001607753,-0.6750540409702808,0.9851400270342824,-4.0
v500_s0_p0,500,0.0,h2+3+4,0,1.5672441566109352,1.5821374138280913,88.25813324999763,79.56799570797011,True,True,329.0,414.0,True,True,True,0.014893257217156064,-8.690137542027514,0.9015372609636773,85.0
v500_s0_p10,500,0.1,h2,0,,,9.721965917036869,5.818809124990366,True,True,673.0,519.0,False,False,False,,-3.9031567920465022,0.5985218601510861,-154.0
v500_s0_p10,500,0.1,h3,0,1.9010551465981054,1.8390743772722455,20.92534675000934,20.815783375001047,True,True,673.0,519.0,True,True,True,-0.06198076932585983,-0.1095633750082925,0.9947640831802109,-154.0
v500_s0_p10,500,0.1,h4,0,,1.7941817951662853,55.0070782090188,37.61263874999713,True,True,449.0,265.0,False,True,False,,-17.39443945902167,0.6837781604591802,-184.0
v500_s0_p10,500,0.1,h2+3,0,1.919482252253617,1.8586168815870119,19.918842250015587,21.812712166982237,True,True,673.0,519.0,True,True,True,-0.060865370666605134,1.8938699169666506,1.0950793170203037,-154.0
v500_s0_p10,500,0.1,h2+3+4,0,,1.780096860510414,59.547910334018525,41.124108999967575,True,True,449.0,265.0,False,True,False,,-18.42380133405095,0.6906054094810813,-184.0
v500_s0_p30,500,0.3,h2,0,,3.0893926552325786,4.850850499991793,0.8778224589768797,True,True,535.0,105.0,False,True,False,,-3.9730280410149135,0.18096258769021326,-430.0
v500_s0_p30,500,0.3,h3,0,,2.972339170161593,5.202460333995987,1.191488999989815,True,True,535.0,105.0,False,True,False,,-4.010971334006172,0.22902413925271345,-430.0
v500_s0_p30,500,0.3,h4,0,,3.374558366408686,3.801331583003048,1.9307352080359124,True,True,1372.0,113.0,False,True,False,,-1.8705963749671355,0.5079102324745461,-1259.0
v500_s0_p30,500,0.3,h2+3,0,,2.9711682151178525,5.473414917010814,1.2149419170455076,True,True,535.0,105.0,False,True,False,,-4.258472999965306,0.22197146305674587,-430.0
v500_s0_p30,500,0.3,h2+3+4,0,,,4.916295832954347,2.0783962919958867,True,True,1372.0,113.0,False,False,False,,-2.8378995409584604,0.422756555466866,-1259.0
v500_s0_p50,500,0.5,h2,0,,3.192559932833137,4.908233374997508,0.8481595419580117,True,True,535.0,105.0,False,True,False,,-4.060073833039496,0.1728034258270049,-430.0
v500_s0_p50,500,0.5,h3,0,,2.93240996814747,5.039423374983016,1.3028141669929028,True,True,535.0,105.0,False,True,False,,-3.7366092079901136,0.258524452114979,-430.0
v500_s0_p50,500,0.5,h4,0,,3.1421077634510906,3.8117472080048174,1.9072284169960767,True,True,1372.0,113.0,False,True,False,,-1.9045187910087407,0.5003554309663618,-1259.0
v500_s0_p50,500,0.5,h2+3,0,,2.984128732880983,5.414250792004168,1.3049332920345478,True,True,535.0,105.0,False,True,False,,-4.10931749996962,0.24101825758823164,-430.0
v500_s0_p50,500,0.5,h2+3+4,0,,3.7367577223594206,4.9700824589817785,2.3219620829913765,True,True,1372.0,113.0,False,True,False,,-2.648120375990402,0.4671878388647655,-1259.0
v500_s1_p0,500,0.0,h2,0,,,13.48214429197833,13.097184417012613,True,True,748.0,744.0,False,False,False,,-0.38495987496571615,0.9714466878095377,-4.0
v500_s1_p0,500,0.0,h3,0,1.669436786628296,1.6671778719703576,44.2409533750033,43.60921091603814,True,True,748.0,744.0,True,True,True,-0.002258914657938371,-0.6317424589651637,0.985720414892277,-4.0
v500_s1_p0,500,0.0,h4,0,1.5897924187829562,1.61433313819822,89.83148754196009,91.30158312502317,True,True,333.0,380.0,True,True,True,0.024540719415263812,1.4700955830630846,1.0163650366178831,47.0
v500_s1_p0,500,0.0,h2+3,0,1.657470858889439,1.6706071986407982,45.07657900004415,45.03776120796101,True,True,748.0,744.0,True,True,True,0.013136339751359305,-0.03881779208313674,0.9991388478685772,-4.0
v500_s1_p0,500,0.0,h2+3+4,0,1.607740405798753,1.598020239460898,95.36565262498334,97.49211704201298,True,True,334.0,380.0,True,True,True,-0.009720166337854996,2.126464417029638,1.0222980114800007,46.0
v500_s1_p10,500,0.1,h2,0,,,9.288373416988179,5.701162207988091,True,True,673.0,519.0,False,False,False,,-3.5872112090000883,0.6137955433144863,-154.0
v500_s1_p10,500,0.1,h3,0,1.9343240342568944,1.9238013624272317,22.536390124994796,21.1205450000125,True,True,673.0,519.0,True,True,True,-0.01052267182966271,-1.4158451249822974,0.937175159059214,-154.0
v500_s1_p10,500,0.1,h2+3,0,1.9618046130925224,1.8627638607213715,26.024952040985227,22.2359169999836,True,True,673.0,519.0,True,True,True,-0.09904075237115095,-3.7890350410016254,0.8544076071673643,-154.0
v500_s1_p30,500,0.3,h2,0,,,4.82707716699224,0.6372331670136191,True,True,538.0,114.0,False,False,False,,-4.189843999978621,0.13201221877517244,-424.0
v500_s1_p30,500,0.3,h3,0,,2.992140275049531,4.887237875023857,1.1352655840455554,True,True,538.0,114.0,False,True,False,,-3.7519722909783013,0.23229186159472823,-424.0
v500_s1_p30,500,0.3,h4,0,,3.3617201039526132,4.117318249947857,2.2147776249912567,True,True,1392.0,96.0,False,True,False,,-1.9025406249566004,0.5379175207112799,-1296.0
v500_s1_p30,500,0.3,h2+3,0,,2.930000539473549,5.605596332985442,1.2060974170453846,True,True,538.0,114.0,False,True,False,,-4.3994989159400575,0.21515952012959846,-424.0
v500_s1_p30,500,0.3,h2+3+4,0,,2.9039961708411965,5.245946166978683,2.7332084579975344,True,True,1392.0,97.0,False,True,False,,-2.512737708981149,0.5210134399018588,-1295.0
v500_s1_p50,500,0.5,h2,0,,3.4650054324549515,4.985036332975142,0.887983292050194,True,True,538.0,114.0,False,True,False,,-4.097053040924948,0.1781297532730785,-424.0
v500_s1_p50,500,0.5,h3,0,,2.8160141671021806,5.253310957981739,1.1038701249635778,True,True,538.0,114.0,False,True,False,,-4.149440833018161,0.21012845685184262,-424.0
v500_s1_p50,500,0.5,h4,0,,3.442737930537732,3.987807708035689,2.1273167080362327,True,True,1392.0,102.0,False,True,False,,-1.860490999999456,0.5334551873575932,-1290.0
v500_s1_p50,500,0.5,h2+3,0,,3.1119751366601203,5.180259249988012,1.155867791036144,True,True,538.0,114.0,False,True,False,,-4.024391458951868,0.2231293329651057,-424.0
v500_s1_p50,500,0.5,h2+3+4,0,,3.2896622436068133,4.828339209023397,2.647726082999725,True,True,1392.0,103.0,False,True,False,,-2.1806131260236725,0.5483720112397129,-1289.0
