graph_id,vertices,remove_ratio_target,hop_key,use_reduction,rep,apsp_sum_dnc,elapsed_sec_dnc,qubo_vars_total_dnc,n_subgraphs_dnc,strongly_connected_dnc,ok_dnc,apsp_sum_whole,elapsed_sec_whole,qubo_vars_total_whole,n_subgraphs_whole,strongly_connected_whole,ok_whole,both_sc,diff_apsp,ratio_time
v100_s0_p0,100,0.0,h2,False,0,2.2976312895858375,0.6143688750453293,148.0,1.0,True,True,2.2976312895858375,0.7552066670032218,148,1,True,True,True,0.0,0.8135109260664252
v100_s0_p0,100,0.0,h2,True,0,2.1718679774210172,0.5888981660245918,144.0,1.0,True,True,2.1718679774210172,0.6813364580157213,144,1,True,True,True,0.0,0.864327982300638
v100_s0_p0,100,0.0,h3,False,0,1.8221257507924218,1.2772459170082584,148.0,1.0,True,True,1.8221257507924218,1.8223745409632102,148,1,True,True,True,0.0,0.7008690520518215
v100_s0_p0,100,0.0,h3,True,0,1.7782636238621086,1.2168250830145553,144.0,1.0,True,True,1.7782636238621086,1.6926832910394296,144,1,True,True,True,0.0,0.7188734534428688
v100_s0_p0,100,0.0,h4,False,0,1.8501937080876583,2.0787438330007717,112.0,2.0,True,True,,1.2172686660196632,685,1,False,True,False,,1.7077116096301395
v100_s0_p0,100,0.0,h4,True,0,1.8382060560090858,2.022869708016515,100.0,3.0,True,True,,1.1980586660210975,676,1,False,True,False,,1.6884563046772307
v100_s0_p0,100,0.0,h2+3,False,0,1.7794616758101705,1.3135017500026152,148.0,1.0,True,True,1.7794616758101705,1.8224878329783678,148,1,True,True,True,0.0,0.7207190776445671
v100_s0_p0,100,0.0,h2+3,True,0,1.7846666804015339,1.2520392919541337,144.0,1.0,True,True,1.7846666804015339,1.7784928330220282,144,1,True,True,True,0.0,0.7039889442942872
v100_s0_p0,100,0.0,h2+3+4,False,0,1.8453988676867537,2.514112541975919,112.0,2.0,True,True,,1.5457042500493117,685,1,False,True,False,,1.6265159016647026
v100_s0_p0,100,0.0,h2+3+4,True,0,1.8183224920421888,2.4296586660202593,100.0,3.0,True,True,,1.539736750011798,676,1,False,True,False,,1.5779701731491713
v100_s0_p10,100,0.1,h2,False,0,2.352686247996415,0.4915205420111306,133.0,1.0,True,True,2.352686247996415,0.5838666249765083,133,1,True,True,True,0.0,0.8418370240479266
v100_s0_p10,100,0.1,h2,True,0,2.2584263159927165,0.3452467499882914,99.0,1.0,True,True,2.2584263159927165,0.36774220899678767,99,1,True,True,True,0.0,0.9388281832812595
v100_s0_p10,100,0.1,h3,False,0,2.043034726092882,0.7458236670354381,133.0,1.0,True,True,2.043034726092882,0.9505356250447221,133,1,True,True,True,0.0,0.7846351545217967
v100_s0_p10,100,0.1,h3,True,0,2.018903368953955,0.6406600420014001,99.0,1.0,True,True,2.018903368953955,0.7661037080106325,99,1,True,True,True,0.0,0.8362575918931704
v100_s0_p10,100,0.1,h4,False,0,,1.490636624977924,135.0,3.0,False,True,,0.8569612500141375,517,1,False,True,False,,1.7394446072717205
v100_s0_p10,100,0.1,h2+3,False,0,2.028948497696272,0.8523194580338895,133.0,1.0,True,True,2.028948497696272,1.0844755829893984,133,1,True,True,True,0.0,0.7859277529185474
v100_s0_p10,100,0.1,h2+3,True,0,2.0760237246248856,0.6844319590018131,99.0,1.0,True,True,2.0760237246248856,0.8924140409799293,99,1,True,True,True,0.0,0.7669444087301247
v100_s0_p10,100,0.1,h2+3+4,False,0,,1.8816156669636257,135.0,3.0,False,True,,1.03637762501603,517,1,False,True,False,,1.8155695583784166
v100_s0_p30,100,0.3,h2,False,0,2.7906920713151577,0.46096816699719056,111.0,1.0,True,True,2.7906920713151577,0.5237146669533104,111,1,True,True,True,0.0,0.8801895308352826
v100_s0_p30,100,0.3,h2,True,0,2.716002207209742,0.16764016699744388,33.0,1.0,True,True,2.716002207209742,0.09154608304379508,33,1,True,True,True,0.0,1.8312107020160093
v100_s0_p30,100,0.3,h3,False,0,2.750716687337919,0.45326387498062104,111.0,1.0,True,True,2.750716687337919,0.5131124590407126,111,1,True,True,True,0.0,0.883361662720135
v100_s0_p30,100,0.3,h3,True,0,2.6919214927246893,0.2042885419796221,33.0,1.0,True,True,2.6919214927246893,0.14983112504705787,33,1,True,True,True,0.0,1.3634586399552204
v100_s0_p30,100,0.3,h4,False,0,,0.46393550001084805,316.0,1.0,False,True,,0.46895075001521036,316,1,False,True,False,,0.9893053801402394
v100_s0_p30,100,0.3,h2+3,False,0,2.9170202543607338,0.5023487499565817,111.0,1.0,True,True,2.9170202543607338,0.5696202500257641,111,1,True,True,True,0.0,0.8819011436722278
v100_s0_p30,100,0.3,h2+3,True,0,2.609172983039251,0.21204170800046995,33.0,1.0,True,True,2.609172983039251,0.1571719580097124,33,1,True,True,True,0.0,1.349106486205172
v100_s0_p30,100,0.3,h2+3+4,False,0,,0.5548998750164174,316.0,1.0,False,True,,0.5345587080228142,316,1,False,True,False,,1.0380522600947601
v100_s0_p50,100,0.5,h2,False,0,2.735722049390402,0.4853935420396738,111.0,1.0,True,True,2.735722049390402,0.5907412089873105,111,1,True,True,True,0.0,0.8216686675232442
v100_s0_p50,100,0.5,h2,True,0,2.6891865590319233,0.17778262495994568,33.0,1.0,True,True,2.6891865590319233,0.11430354096228257,33,1,True,True,True,0.0,1.5553553587513942
v100_s0_p50,100,0.5,h3,False,0,2.536975012048449,0.5055355000076815,111.0,1.0,True,True,2.536975012048449,0.602581791987177,111,1,True,True,True,0.0,0.8389491795637254
v100_s0_p50,100,0.5,h3,True,0,2.609172983039251,0.20257299998775125,33.0,1.0,True,True,2.609172983039251,0.15695458400296047,33,1,True,True,True,0.0,1.290647235788477
v100_s0_p50,100,0.5,h4,False,0,,0.46409200003836304,316.0,1.0,False,True,,0.44310912501532584,316,1,False,True,False,,1.0473537416371452
v100_s0_p50,100,0.5,h2+3,False,0,2.8249524902168113,0.5132057919981889,111.0,1.0,True,True,2.8249524902168113,0.5640137920272537,111,1,True,True,True,0.0,0.9099170964482202
v100_s0_p50,100,0.5,h2+3,True,0,2.691921492724679,0.2182955410098657,33.0,1.0,True,True,2.691921492724679,0.15889341698493809,33,1,True,True,True,0.0,1.3738488677007838
v100_s0_p50,100,0.5,h2+3+4,False,0,,0.5545962089672685,316.0,1.0,False,True,,0.542626874987036,316,1,False,True,False,,1.0220581296872155
v100_s1_p0,100,0.0,h2,False,0,2.100751095985956,0.6372581250034273,148.0,1.0,True,True,2.100751095985956,0.7984476249548607,148,1,True,True,True,0.0,0.7981213859073774
v100_s1_p0,100,0.0,h2,True,0,2.036138164585135,0.6231372079928406,144.0,1.0,True,True,2.036138164585135,0.7981465419870801,144,1,True,True,True,0.0,0.7807303235837705
v100_s1_p0,100,0.0,h3,False,0,1.7716787981939492,1.2843057499849238,148.0,1.0,True,True,1.7716787981939492,1.8502335000084713,148,1,True,True,True,0.0,0.6941317136345458
v100_s1_p0,100,0.0,h3,True,0,1.7677357362054336,1.2216531250160187,144.0,1.0,True,True,1.7677357362054336,1.7250575830112211,144,1,True,True,True,0.0,0.7081810700391398
v100_s1_p0,100,0.0,h4,False,0,1.7863412008866593,1.8707969170063734,114.0,4.0,True,True,,1.2769934170064516,675,1,False,True,False,,1.4650012224745257
v100_s1_p0,100,0.0,h4,True,0,1.7605324907976554,2.127542416972574,101.0,3.0,True,True,,1.2466861660359427,668,1,False,True,False,,1.7065581338224582
v100_s1_p0,100,0.0,h2+3,False,0,1.7719967117618614,1.3275561250047758,148.0,1.0,True,True,1.7719967117618614,1.8880669580539688,148,1,True,True,True,0.0,0.7031297906791867
v100_s1_p0,100,0.0,h2+3,True,0,1.7403433398812183,1.2641550419502892,144.0,1.0,True,True,1.7403433398812183,1.7581270840018988,144,1,True,True,True,0.0,0.7190350762771844
v100_s1_p0,100,0.0,h2+3+4,False,0,1.7477733181521105,2.2961981660337187,114.0,4.0,True,True,,1.4690107089700177,675,1,False,True,False,,1.5630915091447326
v100_s1_p0,100,0.0,h2+3+4,True,0,1.7317117391587162,2.5114682499552146,101.0,3.0,True,True,,1.4377432499895804,668,1,False,True,False,,1.746812756709806
v100_s1_p10,100,0.1,h2,False,0,2.866604399668803,0.5016040420159698,133.0,1.0,True,True,2.866604399668803,0.6099017079686746,133,1,True,True,True,0.0,0.8224342307330165
v100_s1_p10,100,0.1,h2,True,0,2.841431422673849,0.3413716669892892,99.0,1.0,True,True,2.841431422673849,0.37056504195788875,99,1,True,True,True,0.0,0.9212192957696288
v100_s1_p10,100,0.1,h3,False,0,2.0648180413202755,0.7846177500323392,133.0,1.0,True,True,2.0648180413202755,1.0208421249990351,133,1,True,True,True,0.0,0.7685985235308357
v100_s1_p10,100,0.1,h3,True,0,2.2094536313195055,0.5151417090091854,99.0,1.0,True,True,2.2094536313195055,0.6459422910120338,99,1,True,True,True,0.0,0.7975042293671222
v100_s1_p10,100,0.1,h4,False,0,2.49538664947155,1.4987223750213161,135.0,4.0,True,True,,0.8467377080232836,518,1,False,True,False,,1.769996022168537
v100_s1_p10,100,0.1,h4,True,0,2.372373890625461,1.144054332980886,114.0,4.0,True,True,,0.7816064169746824,470,1,False,True,False,,1.4637217762478325
v100_s1_p10,100,0.1,h2+3,False,0,2.08019290682416,0.8447557920007966,133.0,1.0,True,True,2.08019290682416,1.0311448330176063,133,1,True,True,True,0.0,0.8192406778867822
v100_s1_p10,100,0.1,h2+3,True,0,2.1974794096443033,0.5521514999563806,99.0,1.0,True,True,2.1974794096443033,0.6212324999505654,99,1,True,True,True,0.0,0.8888000869244898
v100_s1_p10,100,0.1,h2+3+4,False,0,2.3736469348964793,1.877322959015146,135.0,4.0,True,True,,1.0614350410178304,518,1,False,True,False,,1.7686649549603572
v100_s1_p10,100,0.1,h2+3+4,True,0,2.2805215856385592,1.423489500011783,114.0,4.0,True,True,,0.9003685410134494,470,1,False,True,False,,1.5810075931901306
v100_s1_p30,100,0.3,h2,False,0,2.8622758975662093,0.47307829197961837,105.0,1.0,True,True,2.8622758975662093,0.5934589169919491,105,1,True,True,True,0.0,0.7971542400567488
v100_s1_p30,100,0.3,h2,True,0,2.881318519806652,0.12852004199521616,15.0,1.0,True,True,2.881318519806652,0.05103508400497958,15,1,True,True,True,0.0,2.518268452006001
v100_s1_p30,100,0.3,h3,False,0,2.8691300302261884,0.4834792499896139,105.0,1.0,True,True,2.8691300302261884,0.5662097919848748,105,1,True,True,True,0.0,0.8538871224652524
v100_s1_p30,100,0.3,h3,True,0,2.9616776905986835,0.1425638750079088,15.0,1.0,True,True,2.9616776905986835,0.0728495410294272,15,1,True,True,True,0.0,1.9569632559568335
v100_s1_p30,100,0.3,h4,False,0,,0.39516779204132035,249.0,1.0,False,True,,0.35215533402515575,249,1,False,True,False,,1.1221405836013605
v100_s1_p30,100,0.3,h2+3,False,0,2.8326941710486158,0.5038367090164684,105.0,1.0,True,True,2.8326941710486158,0.5578887080191635,105,1,True,True,True,0.0,0.9031132944156339
v100_s1_p30,100,0.3,h2+3,True,0,2.9616776905986835,0.14198195899371058,15.0,1.0,True,True,2.9616776905986835,0.05955404101405293,15,1,True,True,True,0.0,2.3840860599234097
v100_s1_p30,100,0.3,h2+3+4,False,0,,0.47554595803376287,249.0,1.0,False,True,,0.4464262920082547,249,1,False,True,False,,1.0652283849468476
v100_s1_p50,100,0.5,h2,False,0,2.853951264502905,0.47242558299330994,105.0,1.0,True,True,2.853951264502905,0.5634265840053558,105,1,True,True,True,0.0,0.8384864974507826
v100_s1_p50,100,0.5,h2,True,0,2.9859806844662957,0.12959654198493809,15.0,1.0,True,True,2.9859806844662957,0.04930912499548867,15,1,True,True,True,0.0,2.628246637854453
v100_s1_p50,100,0.5,h3,False,0,2.8691300302261884,0.47062662499956787,105.0,1.0,True,True,2.8691300302261884,0.5414953750441782,105,1,True,True,True,0.0,0.8691239975247647
v100_s1_p50,100,0.5,h3,True,0,2.9616776905986835,0.13775337499100715,15.0,1.0,True,True,2.9616776905986835,0.05317295796703547,15,1,True,True,True,0.0,2.590666012532296
v100_s1_p50,100,0.5,h4,False,0,,0.3970382919651456,249.0,1.0,False,True,,0.3667591670528054,249,1,False,True,False,,1.0825586042079234
v100_s1_p50,100,0.5,h2+3,False,0,2.8865788914338175,0.49347054201643914,105.0,1.0,True,True,2.8865788914338175,0.5526712909922935,105,1,True,True,True,0.0,0.8928825326360585
v100_s1_p50,100,0.5,h2+3,True,0,2.9616776905986835,0.13827991700964049,15.0,1.0,True,True,2.9616776905986835,0.055666416010353714,15,1,True,True,True,0.0,2.4840815507849654
v100_s1_p50,100,0.5,h2+3+4,False,0,,0.4677589160273783,249.0,1.0,False,True,,0.4522635830217041,249,1,False,True,False,,1.0342617305203867
v200_s0_p0,200,0.0,h2,False,0,,1.5536373329814523,298.0,1.0,False,True,,2.117786457994953,298,1,False,True,False,,0.7336137820299327
v200_s0_p0,200,0.0,h2,True,0,,1.5114736670511775,294.0,1.0,False,True,,2.153422458039131,294,1,False,True,False,,0.7018937047900481
v200_s0_p0,200,0.0,h3,False,0,1.7332620645923467,4.381414333998691,298.0,1.0,True,True,1.7332620645923467,6.588204208004754,298,1,True,True,True,0.0,0.6650392422073401
v200_s0_p0,200,0.0,h3,True,0,1.6793275000977277,4.249837958021089,294.0,1.0,True,True,1.6793275000977277,6.402165415987838,294,1,True,True,True,0.0,0.6638125824440839
v200_s0_p0,200,0.0,h4,False,0,1.699694345562016,7.414794582989998,158.0,8.0,True,True,,2.748487707984168,1382,1,False,True,False,,2.6977725101154824
v200_s0_p0,200,0.0,h4,True,0,1.7155929865064363,7.1669439999968745,195.0,7.0,True,True,,2.8076294580241665,1379,1,False,True,False,,2.5526673327613967
v200_s0_p0,200,0.0,h2+3,False,0,1.7196503611100669,4.601301874965429,298.0,1.0,True,True,1.7196503611100669,6.743566666962579,298,1,True,True,True,0.0,0.6823246661900262
v200_s0_p0,200,0.0,h2+3,True,0,1.7307247564708248,4.488981582981069,294.0,1.0,True,True,1.7307247564708248,6.517762833973393,294,1,True,True,True,0.0,0.6887304274992271
v200_s0_p0,200,0.0,h2+3+4,False,0,1.6914284433493993,8.404117292026058,158.0,8.0,True,True,,3.225505125010386,1382,1,False,True,False,,2.605519745376004
v200_s0_p0,200,0.0,h2+3+4,True,0,1.7319524927142678,8.338444416993298,195.0,7.0,True,True,,3.184539250039961,1379,1,False,True,False,,2.6184147100365185
v200_s0_p10,200,0.1,h2,False,0,,1.4896985000232235,268.0,1.0,False,True,,1.904241833020933,268,1,False,True,False,,0.7823053113269398
v200_s0_p10,200,0.1,h2,True,0,,0.8337395829730667,204.0,1.0,False,True,,1.1074423749814741,204,1,False,True,False,,0.7528514366149426
v200_s0_p10,200,0.1,h3,False,0,1.9725677447721968,2.5146564170136116,268.0,1.0,True,True,1.9725677447721968,3.5336603749892674,268,1,True,True,True,0.0,0.7116293446908432
v200_s0_p10,200,0.1,h3,True,0,1.9215594572419852,2.2293501250096597,204.0,1.0,True,True,1.9215594572419852,3.1398014160222374,204,1,True,True,True,0.0,0.7100290208270518
v200_s0_p10,200,0.1,h4,False,0,,4.710642958001699,205.0,6.0,False,True,,2.0427942909882404,1062,1,False,True,False,,2.305980087560768
v200_s0_p10,200,0.1,h4,True,0,1.8794736029229746,3.306534958013799,136.0,4.0,True,True,,1.749998332990799,928,1,False,True,False,,1.8894503472828073
v200_s0_p10,200,0.1,h2+3,False,0,2.0504842836834034,2.6923844999982975,268.0,1.0,True,True,2.0504842836834034,3.7721508750109933,268,1,True,True,True,0.0,0.7137531316242622
v200_s0_p10,200,0.1,h2+3,True,0,1.9349040385793141,2.3112973329843953,204.0,1.0,True,True,1.9349040385793141,3.279190584027674,204,1,True,True,True,0.0,0.7048377560737987
v200_s0_p10,200,0.1,h2+3+4,False,0,,5.608100833022036,205.0,6.0,False,True,,2.435900375014171,1062,1,False,True,False,,2.3022701956722718
v200_s0_p10,200,0.1,h2+3+4,True,0,1.894418372070605,3.8948189159855247,136.0,4.0,True,True,,2.231723750010133,928,1,False,True,False,,1.745206554336235
v200_s0_p30,200,0.3,h2,False,0,3.2124203468465047,0.965562375029549,216.0,1.0,True,True,3.2124203468465047,1.2767735419911332,216,1,True,True,True,0.0,0.7562518671273143
v200_s0_p30,200,0.3,h2,True,0,3.07185994135581,0.23247312498278916,48.0,1.0,True,True,3.07185994135581,0.19425925001269206,48,1,True,True,True,0.0,1.1967158576366395
v200_s0_p30,200,0.3,h3,False,0,,0.9222008750075474,216.0,1.0,False,True,,1.1792076660203747,216,1,False,True,False,,0.7820512888283864
v200_s0_p30,200,0.3,h3,True,0,3.1235915063689164,0.2880953749991022,48.0,1.0,True,True,3.1235915063689164,0.2674173329723999,48,1,True,True,True,0.0,1.0773249878639561
v200_s0_p30,200,0.3,h4,False,0,,0.8893461659899913,566.0,1.0,False,True,,0.9285067080054432,566,1,False,True,False,,0.9578241689825009
v200_s0_p30,200,0.3,h4,True,0,3.044681791654355,0.44255845801671967,30.0,4.0,True,True,,0.27202708297409117,186,1,False,True,False,,1.6268911653141187
v200_s0_p30,200,0.3,h2+3,False,0,,0.9880770840100013,216.0,1.0,False,True,,1.209119459032081,216,1,False,True,False,,0.8171873148092186
v200_s0_p30,200,0.3,h2+3,True,0,2.9735921153163063,0.29874441702850163,48.0,1.0,True,True,2.9735921153163063,0.24450283398618922,48,1,True,True,True,0.0,1.221844394021937
v200_s0_p30,200,0.3,h2+3+4,False,0,,1.1141714580007829,566.0,1.0,False,True,,1.1687115840031765,566,1,False,True,False,,0.9533331176409
v200_s0_p30,200,0.3,h2+3+4,True,0,2.997204793795438,0.5227107089594938,31.0,4.0,True,True,,0.30227645800914615,186,1,False,True,False,,1.7292471679805042
v200_s0_p50,200,0.5,h2,False,0,,0.8825340830371715,216.0,1.0,False,True,,1.1849521250114776,216,1,False,True,False,,0.7447845903720567
v200_s0_p50,200,0.5,h2,True,0,3.12553872542554,0.24518816597992554,48.0,1.0,True,True,3.12553872542554,0.19483349996153265,48,1,True,True,True,0.0,1.258449732865933
v200_s0_p50,200,0.5,h3,False,0,,0.9273746249964461,216.0,1.0,False,True,,1.2232792080030777,216,1,False,True,False,,0.7581054422647499
v200_s0_p50,200,0.5,h3,True,0,3.0962413983051316,0.2895162500208244,48.0,1.0,True,True,3.0962413983051316,0.25636574998497963,48,1,True,True,True,0.0,1.129309395025611
v200_s0_p50,200,0.5,h4,False,0,,0.8873892500414513,566.0,1.0,False,True,,0.98652558401227,566,1,False,True,False,,0.8995096168032215
v200_s0_p50,200,0.5,h4,True,0,2.928805914170156,0.445442333992105,30.0,4.0,True,True,,0.2877597920014523,186,1,False,True,False,,1.5479658603237274
v200_s0_p50,200,0.5,h2+3,False,0,,0.9985940830083564,216.0,1.0,False,True,,1.2543407499906607,216,1,False,True,False,,0.7961106924221282
v200_s0_p50,200,0.5,h2+3,True,0,3.0886555457524425,0.3074619580293074,48.0,1.0,True,True,3.0886555457524425,0.27298037498258054,48,1,True,True,True,0.0,1.1263152453685625
v200_s0_p50,200,0.5,h2+3+4,False,0,,1.1079619160154834,566.0,1.0,False,True,,1.1552344579831697,566,1,False,True,False,,0.9590796988083132
v200_s0_p50,200,0.5,h2+3+4,True,0,2.903217758144105,0.5233710420434363,31.0,4.0,True,True,,0.3022922909585759,186,1,False,True,False,,1.7313410156237017
v200_s1_p0,200,0.0,h2,False,0,2.2195574948933547,1.812693500018213,298.0,1.0,True,True,2.2195574948933547,2.4714351660222746,298,1,True,True,True,0.0,0.7334578405856815
v200_s1_p0,200,0.0,h2,True,0,2.2304689312426316,1.7449937500059605,294.0,1.0,True,True,2.2304689312426316,2.3359117919462733,294,1,True,True,True,0.0,0.7470289571816571
v200_s1_p0,200,0.0,h3,False,0,1.711143684084593,4.571419832995161,298.0,1.0,True,True,1.711143684084593,6.658701874956023,298,1,True,True,True,0.0,0.6865331890272311
v200_s1_p0,200,0.0,h3,True,0,1.6722436828045257,4.501575667003635,294.0,1.0,True,True,1.6722436828045257,6.533276417001616,294,1,True,True,True,0.0,0.6890226862725625
v200_s1_p0,200,0.0,h4,False,0,1.7214073860603378,6.6891450000111945,235.0,5.0,True,True,,2.937223124958109,1401,1,False,True,False,,2.277370398990916
v200_s1_p0,200,0.0,h4,True,0,1.779540127712569,5.866367916984018,236.0,7.0,True,True,,2.881897916959133,1381,1,False,True,False,,2.03559185162741
v200_s1_p0,200,0.0,h2+3,False,0,1.7165152709016511,4.731522375019267,298.0,1.0,True,True,1.7165152709016511,6.738665250013582,298,1,True,True,True,0.0,0.7021453358303754
v200_s1_p0,200,0.0,h2+3,True,0,1.7244484189248548,4.620624083036091,294.0,1.0,True,True,1.7244484189248548,6.700401875015814,294,1,True,True,True,0.0,0.6896040221505648
v200_s1_p0,200,0.0,h2+3+4,False,0,1.7403040087778394,7.881853166036308,235.0,5.0,True,True,,3.2328881669673137,1401,1,False,True,False,,2.438022213873876
v200_s1_p0,200,0.0,h2+3+4,True,0,,6.8094406250165775,236.0,7.0,False,True,,3.175338874978479,1381,1,False,True,False,,2.144476823772936
v200_s1_p10,200,0.1,h2,False,0,2.970370555269701,1.3653810829855502,268.0,1.0,True,True,2.970370555269701,1.8377009999821894,268,1,True,True,True,0.0,0.742983261694249
v200_s1_p10,200,0.1,h2,True,0,2.4450944967160484,0.8683262499980628,204.0,1.0,True,True,2.4450944967160484,1.1448825830011629,204,1,True,True,True,0.0,0.7584413134505522
v200_s1_p10,200,0.1,h3,False,0,1.9526150594929816,3.2186330420081504,268.0,1.0,True,True,1.9526150594929816,4.646495749999303,268,1,True,True,True,0.0,0.6927011699103852
v200_s1_p10,200,0.1,h3,True,0,1.9106595639282469,2.3381168749765493,204.0,1.0,True,True,1.9106595639282469,3.2450820839731023,204,1,True,True,True,0.0,0.7205108574985216
v200_s1_p10,200,0.1,h4,False,0,,4.908003917022143,189.0,6.0,False,True,,2.090205500018783,1062,1,False,True,False,,2.3480963555870646
v200_s1_p10,200,0.1,h4,True,0,1.9036619399030534,3.37316291697789,189.0,3.0,True,True,,1.7688695830293,942,1,False,True,False,,1.9069596477548882
v200_s1_p10,200,0.1,h2+3,False,0,1.9261029395467872,3.072080834012013,268.0,1.0,True,True,1.9261029395467872,4.539524708001409,268,1,True,True,True,0.0,0.6767406351147587
v200_s1_p10,200,0.1,h2+3,True,0,1.9172511270988948,2.2678381669684313,204.0,1.0,True,True,1.9172511270988948,3.300949790980667,204,1,True,True,True,0.0,0.6870259502779918
v200_s1_p10,200,0.1,h2+3+4,False,0,,5.790005499962717,189.0,6.0,False,True,,2.3719102920149453,1062,1,False,True,False,,2.4410727165588075
v200_s1_p10,200,0.1,h2+3+4,True,0,1.8864012722276116,4.001693375001196,189.0,3.0,True,True,,2.0608548750169575,942,1,False,True,False,,1.941763791090951
v200_s1_p30,200,0.3,h2,False,0,3.728331053274752,0.828055249992758,213.0,1.0,True,True,3.728331053274752,1.1171352500095963,213,1,True,True,True,0.0,0.7412309744819573
v200_s1_p30,200,0.3,h2,True,0,3.321666881074589,0.20956454100087285,39.0,1.0,True,True,3.321666881074589,0.1642940000165254,39,1,True,True,True,0.0,1.2755459175611645
v200_s1_p30,200,0.3,h3,False,0,3.720030398314945,0.8693603330175392,213.0,1.0,True,True,3.720030398314945,1.1561707909568213,213,1,True,True,True,0.0,0.7519307180369744
v200_s1_p30,200,0.3,h3,True,0,2.980079301963408,0.24301737500354648,39.0,1.0,True,True,2.980079301963408,0.2042500419775024,39,1,True,True,True,0.0,1.1898033050603445
v200_s1_p30,200,0.3,h4,False,0,,0.7839350000140257,535.0,1.0,False,True,,0.8625006250222214,535,1,False,True,False,,0.9089094862903183
v200_s1_p30,200,0.3,h2+3,False,0,,0.8608857080107555,213.0,1.0,False,True,,1.049032375041861,213,1,False,True,False,,0.8206474161261251
v200_s1_p30,200,0.3,h2+3,True,0,3.141078419913499,0.24663654097821563,39.0,1.0,True,True,3.141078419913499,0.17731125000864267,39,1,True,True,True,0.0,1.3909807807806547
v200_s1_p30,200,0.3,h2+3+4,False,0,,0.9829409589874558,535.0,1.0,False,True,,1.0808980420115404,535,1,False,True,False,,0.9093743542713913
v200_s1_p50,200,0.5,h2,False,0,3.341658159387059,0.8350899170036428,213.0,1.0,True,True,3.341658159387059,1.170057666953653,213,1,True,True,True,0.0,0.7137168881409683
v200_s1_p50,200,0.5,h2,True,0,3.1270855256005223,0.2147615000139922,39.0,1.0,True,True,3.1270855256005223,0.1569113329751417,39,1,True,True,True,0.0,1.3686806168934609
v200_s1_p50,200,0.5,h3,False,0,,0.8235613330034539,213.0,1.0,False,True,,1.0649475420359522,213,1,False,True,False,,0.7733351179241943
v200_s1_p50,200,0.5,h3,True,0,3.1402767285089435,0.24476433399831876,39.0,1.0,True,True,3.1402767285089435,0.20505812502233312,39,1,True,True,True,0.0,1.1936339219509648
v200_s1_p50,200,0.5,h4,False,0,,0.7816810419899411,535.0,1.0,False,True,,0.8782310409587808,535,1,False,True,False,,0.8900630990411882
v200_s1_p50,200,0.5,h2+3,False,0,3.2937863285350555,0.9383437910000794,213.0,1.0,True,True,3.2937863285350555,1.1988308749860153,213,1,True,True,True,0.0,0.7827157362885114
v200_s1_p50,200,0.5,h2+3,True,0,2.9853455677175984,0.25812133302679285,39.0,1.0,True,True,2.9853455677175984,0.2160216660122387,39,1,True,True,True,0.0,1.19488631761672
v200_s1_p50,200,0.5,h2+3+4,False,0,,0.9898206670186482,535.0,1.0,False,True,,1.0236296250368468,535,1,False,True,False,,0.9669714932127119
v300_s0_p0,300,0.0,h2,False,0,2.3564943818888855,3.313897875021212,448.0,1.0,True,True,2.3564943818888855,4.8822983329882845,448,1,True,True,True,0.0,0.678757758949337
v300_s0_p0,300,0.0,h2,True,0,2.371221143191037,3.293225583038293,444.0,1.0,True,True,2.371221143191037,4.820617332996335,444,1,True,True,True,0.0,0.683154325587452
v300_s0_p0,300,0.0,h3,False,0,1.6949206554749094,9.7611907919636,448.0,1.0,True,True,1.6949206554749094,15.056605125020724,448,1,True,True,True,0.0,0.6482995808758161
v300_s0_p0,300,0.0,h3,True,0,1.6953338430771372,9.569059375033248,444.0,1.0,True,True,1.6953338430771372,14.647411708952859,444,1,True,True,True,0.0,0.6532935350744872
v300_s0_p0,300,0.0,h4,False,0,1.689007693767628,13.224854291998781,314.0,12.0,True,True,,4.605669459037017,2109,1,False,True,False,,2.8714293132889996
v300_s0_p0,300,0.0,h4,True,0,1.690731558897153,15.24898266600212,298.0,10.0,True,True,,4.652655375015456,2098,1,False,True,False,,3.27747951156848
v300_s0_p0,300,0.0,h2+3,False,0,1.7076533249583037,10.065594959014561,448.0,1.0,True,True,1.7076533249583037,15.200070292048622,448,1,True,True,True,0.0,0.6622071323104355
v300_s0_p0,300,0.0,h2+3,True,0,1.7081487362391299,9.814014166011475,444.0,1.0,True,True,1.7081487362391299,14.901954250002746,444,1,True,True,True,0.0,0.6585722920206701
v300_s0_p0,300,0.0,h2+3+4,False,0,1.706711754468803,15.034475874970667,314.0,12.0,True,True,,5.245309250021819,2109,1,False,True,False,,2.8662706350265483
v300_s0_p0,300,0.0,h2+3+4,True,0,1.6647271811775186,17.123745125019923,298.0,10.0,True,True,,5.197826249990612,2098,1,False,True,False,,3.2944050650117154
v300_s0_p10,300,0.1,h2,False,0,,2.64446116698673,403.0,1.0,False,True,,3.896275457984302,403,1,False,True,False,,0.6787151461705981
v300_s0_p10,300,0.1,h2,True,0,3.0103939577650727,1.6981097499956377,309.0,1.0,True,True,3.0103939577650727,2.4656092079821974,309,1,True,True,True,0.0,0.688718124712608
v300_s0_p10,300,0.1,h3,False,0,1.9991045697074472,5.677390166034456,403.0,1.0,True,True,1.9991045697074472,8.482505291001871,403,1,True,True,True,0.0,0.6693058207764345
v300_s0_p10,300,0.1,h3,True,0,1.9705714947217128,4.762097708997317,309.0,1.0,True,True,1.9705714947217128,7.072707834013272,309,1,True,True,True,0.0,0.6733061538461933
v300_s0_p10,300,0.1,h4,False,0,1.9442665362096314,12.670064791978803,176.0,9.0,True,True,,3.2487803749972954,1590,1,False,True,False,,3.8999450038198873
v300_s0_p10,300,0.1,h4,True,0,1.9001374113048128,7.736784458043985,187.0,7.0,True,True,,2.9801171669969335,1430,1,False,True,False,,2.596134321067768
v300_s0_p10,300,0.1,h2+3,False,0,1.9301002851480458,5.418027375009842,403.0,1.0,True,True,1.9301002851480458,7.842114833998494,403,1,True,True,True,0.0,0.6908885536234017
v300_s0_p10,300,0.1,h2+3,True,0,1.9302116736591692,4.820592333038803,309.0,1.0,True,True,1.9302116736591692,7.116889208031353,309,1,True,True,True,0.0,0.6773454232783058
v300_s0_p10,300,0.1,h2+3+4,False,0,1.9216449930434154,13.912872165965382,176.0,9.0,True,True,,3.8467812500311993,1590,1,False,True,False,,3.616756779671977
v300_s0_p10,300,0.1,h2+3+4,True,0,1.8909601470285704,8.824315750040114,187.0,7.0,True,True,,3.302222999976948,1430,1,False,True,False,,2.6722349611463896
v300_s0_p30,300,0.3,h2,False,0,,1.6960582920000888,316.0,1.0,False,True,,2.331597666023299,316,1,False,True,False,,0.7274232243047462
v300_s0_p30,300,0.3,h2,True,0,2.761291781342171,0.26164133299607784,48.0,1.0,True,True,2.761291781342171,0.22182641603285447,48,1,True,True,True,0.0,1.179486815300331
v300_s0_p30,300,0.3,h3,False,0,,1.6622455000178888,316.0,1.0,False,True,,2.383109249989502,316,1,False,True,False,,0.697511245036379
v300_s0_p30,300,0.3,h3,True,0,3.0417531911409608,0.31978004198754206,48.0,1.0,True,True,3.0417531911409608,0.33339087502099574,48,1,True,True,True,0.0,0.9591745483957936
v300_s0_p30,300,0.3,h4,False,0,,1.209078500047326,762.0,1.0,False,True,,1.3573492080322467,762,1,False,True,False,,0.8907645084201514
v300_s0_p30,300,0.3,h2+3,False,0,,1.8500224169692956,316.0,1.0,False,True,,2.4837274170131423,316,1,False,True,False,,0.7448572674670066
v300_s0_p30,300,0.3,h2+3,True,0,3.038589134298469,0.337854209006764,48.0,1.0,True,True,3.038589134298469,0.33106437500100583,48,1,True,True,True,0.0,1.0205091049308388
v300_s0_p30,300,0.3,h2+3+4,False,0,,1.5689440840505995,762.0,1.0,False,True,,1.613813875010237,762,1,False,True,False,,0.9721964275717031
v300_s0_p50,300,0.5,h2,False,0,3.3784333778337996,1.8714392500114627,316.0,1.0,True,True,3.3784333778337996,2.5910150409908965,316,1,True,True,True,0.0,0.7222803497488605
v300_s0_p50,300,0.5,h2,True,0,3.134483977320803,0.26528787502320483,48.0,1.0,True,True,3.134483977320803,0.2473431249964051,48,1,True,True,True,0.0,1.072550025504289
v300_s0_p50,300,0.5,h3,False,0,,1.6854196249623783,316.0,1.0,False,True,,2.349087791983038,316,1,False,True,False,,0.7174783465796275
v300_s0_p50,300,0.5,h3,True,0,2.978524875665319,0.32654587499564514,48.0,1.0,True,True,2.978524875665319,0.31695558299543336,48,1,True,True,True,0.0,1.030257526652717
v300_s0_p50,300,0.5,h4,False,0,,1.2189876670017838,762.0,1.0,False,True,,1.3751170419855043,762,1,False,True,False,,0.8864610282494293
v300_s0_p50,300,0.5,h2+3,False,0,,1.880596124974545,316.0,1.0,False,True,,2.4802942499518394,316,1,False,True,False,,0.7582149275276758
v300_s0_p50,300,0.5,h2+3,True,0,3.0322603614427623,0.32737558300141245,48.0,1.0,True,True,3.0322603614427623,0.32454045803751796,48,1,True,True,True,0.0,1.0087358136518274
v300_s0_p50,300,0.5,h2+3+4,False,0,,1.553681332967244,762.0,1.0,False,True,,1.6679092499543913,762,1,False,True,False,,0.9315143093125297
v300_s1_p0,300,0.0,h2,False,0,,3.2982822909834795,448.0,1.0,False,True,,4.713570499967318,448,1,False,True,False,,0.6997417967984882
v300_s1_p0,300,0.0,h2,True,0,2.109720905815224,3.433379750000313,444.0,1.0,True,True,2.109720905815224,4.92503929202212,444,1,True,True,True,0.0,0.69712738242757
v300_s1_p0,300,0.0,h3,False,0,1.7074676700369615,10.004946833010763,448.0,1.0,True,True,1.7074676700369615,15.017890167015139,448,1,True,True,True,0.0,0.6662018913272745
v300_s1_p0,300,0.0,h3,True,0,1.7110993595416006,9.813400625018403,444.0,1.0,True,True,1.7110993595416006,14.880929208011366,444,1,True,True,True,0.0,0.6594615489290289
v300_s1_p0,300,0.0,h4,False,0,1.657229512204714,15.644574082980398,277.0,8.0,True,True,,4.7548421249957755,2080,1,False,True,False,,3.2902404899498734
v300_s1_p0,300,0.0,h4,True,0,1.6295577663468095,19.07763645797968,199.0,8.0,True,True,,4.722180416982155,2071,1,False,True,False,,4.040005839118656
v300_s1_p0,300,0.0,h2+3,False,0,1.68546983508544,10.196069833997171,448.0,1.0,True,True,1.68546983508544,15.287964458984789,448,1,True,True,True,0.0,0.6669344281478171
v300_s1_p0,300,0.0,h2+3,True,0,1.7090755393950867,10.103000250004698,444.0,1.0,True,True,1.7090755393950867,14.94917970901588,444,1,True,True,True,0.0,0.6758230516094176
v300_s1_p0,300,0.0,h2+3+4,False,0,1.6292505311400252,17.390647375024855,277.0,8.0,True,True,,5.152547458012123,2080,1,False,True,False,,3.3751552056027543
v300_s1_p0,300,0.0,h2+3+4,True,0,1.6138361933828196,20.424464000039734,199.0,8.0,True,True,,5.210206417017616,2071,1,False,True,False,,3.9200872989080033
v300_s1_p10,300,0.1,h2,False,0,2.6013561122016484,2.7821150419767946,403.0,1.0,True,True,2.6013561122016484,3.936558999994304,403,1,True,True,True,0.0,0.7067377986665054
v300_s1_p10,300,0.1,h2,True,0,,1.556725375005044,309.0,1.0,False,True,,2.1004312920267694,309,1,False,True,False,,0.741145583249673
v300_s1_p10,300,0.1,h3,False,0,1.8958353751701573,5.486344625009224,403.0,1.0,True,True,1.8958353751701573,8.089485374977812,403,1,True,True,True,0.0,0.6782068785215242
v300_s1_p10,300,0.1,h3,True,0,1.8146016375577012,4.919281291018706,309.0,1.0,True,True,1.8146016375577012,7.401521541993134,309,1,True,True,True,0.0,0.6646310847180223
v300_s1_p10,300,0.1,h4,False,0,1.9084506795177976,10.983431959000882,249.0,6.0,True,True,,3.294374791032169,1592,1,False,True,False,,3.333995873480939
v300_s1_p10,300,0.1,h4,True,0,1.7722043716344085,9.27390666701831,153.0,5.0,True,True,,3.0341105830157176,1446,1,False,True,False,,3.0565486699567233
v300_s1_p10,300,0.1,h2+3,False,0,1.8780248344437451,6.004044541972689,403.0,1.0,True,True,1.8780248344437451,8.747592083003838,403,1,True,True,True,0.0,0.6863654003297968
v300_s1_p10,300,0.1,h2+3,True,0,1.831846516041625,5.073030375002418,309.0,1.0,True,True,1.831846516041625,7.554767166962847,309,1,True,True,True,0.0,0.6715005589036396
v300_s1_p10,300,0.1,h2+3+4,False,0,1.9645403382459055,12.376450290961657,251.0,6.0,True,True,,3.839355167001486,1592,1,False,True,False,,3.2235752496499543
v300_s1_p10,300,0.1,h2+3+4,True,0,1.7807245545269539,10.31320895801764,155.0,5.0,True,True,,3.304981916968245,1446,1,False,True,False,,3.120503898998105
v300_s1_p30,300,0.3,h2,False,0,3.1251043520824764,1.9891319170128554,320.0,1.0,True,True,3.1251043520824764,2.7985146670253016,320,1,True,True,True,0.0,0.7107813085457992
v300_s1_p30,300,0.3,h2,True,0,2.829507335669013,0.2979067499982193,60.0,1.0,True,True,2.829507335669013,0.3045196669991128,60,1,True,True,True,0.0,0.9782841053713855
v300_s1_p30,300,0.3,h3,False,0,2.7533913407220263,2.386027083033696,320.0,1.0,True,True,2.7533913407220263,3.3793994580046274,320,1,True,True,True,0.0,0.7060506201425889
v300_s1_p30,300,0.3,h3,True,0,2.608662495307922,0.43995020899455994,60.0,1.0,True,True,2.608662495307922,0.4996102500008419,60,1,True,True,True,0.0,0.8805868354258516
v300_s1_p30,300,0.3,h4,False,0,,1.3076652499730699,819.0,1.0,False,True,,1.4535657920059748,819,1,False,True,False,,0.8996257735045093
v300_s1_p30,300,0.3,h4,True,0,2.5838996637772835,0.6372780419769697,57.0,2.0,True,True,,0.3832128749927506,255,1,False,True,False,,1.662987032961837
v300_s1_p30,300,0.3,h2+3,False,0,3.0202921278876094,2.2819189590518363,320.0,1.0,True,True,3.0202921278876094,3.0931574999704026,320,1,True,True,True,0.0,0.7377312532820173
v300_s1_p30,300,0.3,h2+3,True,0,2.5603543369853834,0.45726370898773894,60.0,1.0,True,True,2.5603543369853834,0.46617629198590294,60,1,True,True,True,0.0,0.9808815181051003
v300_s1_p30,300,0.3,h2+3+4,False,0,,1.6813705840031616,819.0,1.0,False,True,,1.7818599159945734,819,1,False,True,False,,0.9436042468381572
v300_s1_p30,300,0.3,h2+3+4,True,0,2.7391375057328715,0.7249548329855315,57.0,2.0,True,True,,0.48750804201699793,255,1,False,True,False,,1.487062305651677
v300_s1_p50,300,0.5,h2,False,0,3.6078025900245336,2.126508042041678,320.0,1.0,True,True,3.6078025900245336,3.062000167032238,320,1,True,True,True,0.0,0.6944833200655045
v300_s1_p50,300,0.5,h2,True,0,2.617814432669898,0.3065789999673143,60.0,1.0,True,True,2.617814432669898,0.2813332919613458,60,1,True,True,True,0.0,1.0897359421274506
v300_s1_p50,300,0.5,h3,False,0,2.773676073031455,2.1826962499762885,320.0,1.0,True,True,2.773676073031455,3.0442797080031596,320,1,True,True,True,0.0,0.7169828200208281
v300_s1_p50,300,0.5,h3,True,0,2.6790602582753915,0.448353165993467,60.0,1.0,True,True,2.6790602582753915,0.4858395829796791,60,1,True,True,True,0.0,0.9228419867391083
v300_s1_p50,300,0.5,h4,False,0,,1.2939264169544913,819.0,1.0,False,True,,1.433811999973841,819,1,False,True,False,,0.902437988368139
v300_s1_p50,300,0.5,h4,True,0,2.69798718572283,0.6135587500175461,57.0,2.0,True,True,,0.3851040410227142,255,1,False,True,False,,1.5932285425728814
v300_s1_p50,300,0.5,h2+3,False,0,3.3604304401059917,2.3380910420091823,320.0,1.0,True,True,3.3604304401059917,3.3173043339629658,320,1,True,True,True,0.0,0.7048165638803535
v300_s1_p50,300,0.5,h2+3,True,0,2.6685648865506,0.4480607499717735,60.0,1.0,True,True,2.6685648865506,0.47266737499739975,60,1,True,True,True,0.0,0.947940927749114
v300_s1_p50,300,0.5,h2+3+4,False,0,,1.6535814169910736,819.0,1.0,False,True,,1.750663791957777,819,1,False,True,False,,0.9445453916322016
v300_s1_p50,300,0.5,h2+3+4,True,0,2.7368253504497364,0.6638444159762003,57.0,2.0,True,True,,0.4751243750215508,255,1,False,True,False,,1.3972013453237153
v400_s0_p0,400,0.0,h2,False,0,,5.631029749987647,598.0,1.0,False,True,,8.155752374965232,598,1,False,True,False,,0.6904365766759382
v400_s0_p0,400,0.0,h2,True,0,,5.55162395798834,594.0,1.0,False,True,,8.13316341699101,594,1,False,True,False,,0.6825909763955351
v400_s0_p0,400,0.0,h3,False,0,1.672744617681715,18.346210208022967,598.0,1.0,True,True,1.672744617681715,27.142789832956623,598,1,True,True,True,0.0,0.6759146838232193
v400_s0_p0,400,0.0,h3,True,0,1.6850982653591915,18.088724833040033,594.0,1.0,True,True,1.6850982653591915,26.94439445802709,594,1,True,True,True,0.0,0.671335362953431
v400_s0_p0,400,0.0,h4,False,0,1.6587028177897114,37.79197266604751,350.0,13.0,True,True,,6.727222832967527,2800,1,False,True,False,,5.617767331987817
v400_s0_p0,400,0.0,h4,True,0,,31.59910549997585,456.0,9.0,False,True,,6.603133625001647,2793,1,False,True,False,,4.785471155745083
v400_s0_p0,400,0.0,h2+3,False,0,1.6738114609983417,29.757108625024557,598.0,1.0,True,True,1.6738114609983417,27.170492292032577,598,1,True,True,True,0.0,1.0951994651105559
v400_s0_p0,400,0.0,h2+3,True,0,1.6647085028600028,29.660191375005525,594.0,1.0,True,True,1.6647085028600028,27.403929500025697,594,1,True,True,True,0.0,1.082333516256408
v400_s0_p0,400,0.0,h2+3+4,False,0,1.6605885666594287,50.43776133301435,350.0,13.0,True,True,,7.670922999968752,2800,1,False,True,False,,6.575188061882489
v400_s0_p0,400,0.0,h2+3+4,True,0,,45.69929725001566,456.0,9.0,False,True,,7.7110281670466065,2793,1,False,True,False,,5.926485581431731
v400_s0_p10,400,0.1,h2,False,0,,6.071963833004702,538.0,1.0,False,True,,5.226748042041436,538,1,False,True,False,,1.1617096872022066
v400_s0_p10,400,0.1,h2,True,0,,3.7735364999971353,414.0,1.0,False,True,,3.173730750044342,414,1,False,True,False,,1.1889907484887976
v400_s0_p10,400,0.1,h3,False,0,2.020003330195871,13.080901167006232,538.0,1.0,True,True,2.020003330195871,11.832613500009757,538,1,True,True,True,0.0,1.1054955160155824
v400_s0_p10,400,0.1,h3,True,0,1.88907453315076,14.061654457997065,414.0,1.0,True,True,1.88907453315076,12.997504916973412,414,1,True,True,True,0.0,1.0818733709139807
v400_s0_p10,400,0.1,h4,False,0,,32.26446700002998,303.0,12.0,False,True,,4.677827208011877,2115,1,False,True,False,,6.8973191110542755
v400_s0_p10,400,0.1,h4,True,0,1.8364247252412398,19.999281542026438,291.0,11.0,True,True,,3.9932429590262473,1893,1,False,True,False,,5.008280674938764
v400_s0_p10,400,0.1,h2+3,False,0,2.082816135475486,12.938474832975771,538.0,1.0,True,True,2.082816135475486,11.674865915963892,538,1,True,True,True,0.0,1.1082332701812065
v400_s0_p10,400,0.1,h2+3,True,0,1.8363151730221055,14.010467625048477,414.0,1.0,True,True,1.8363151730221055,12.968590625037905,414,1,True,True,True,0.0,1.0803384909073361
v400_s0_p10,400,0.1,h2+3+4,False,0,,35.965907958045136,303.0,12.0,False,True,,6.021243624971248,2115,1,False,True,False,,5.9731693646953
v400_s0_p10,400,0.1,h2+3+4,True,0,1.873408840851764,22.46390724997036,291.0,11.0,True,True,,4.5587880840175785,1893,1,False,True,False,,4.927605064320805
v400_s0_p30,400,0.3,h2,False,0,,3.2058680420159362,436.0,1.0,False,True,,2.764287041965872,436,1,False,True,False,,1.159744987892439
v400_s0_p30,400,0.3,h2,True,0,2.950693010372719,0.7851707080262713,108.0,1.0,True,True,2.950693010372719,0.598549666989129,108,1,True,True,True,0.0,1.3117887308765837
v400_s0_p30,400,0.3,h3,False,0,,3.484588249993976,436.0,1.0,False,True,,2.8757575409836136,436,1,False,True,False,,1.2117114187596358
v400_s0_p30,400,0.3,h3,True,0,2.720034076403033,1.1027136250049807,108.0,1.0,True,True,2.720034076403033,0.8507389579899609,108,1,True,True,True,0.0,1.2961832941215714
v400_s0_p30,400,0.3,h4,False,0,,3.078509583021514,1147.0,1.0,False,True,,2.2065485829953104,1147,1,False,True,False,,1.3951696358493715
v400_s0_p30,400,0.3,h2+3,False,0,,3.6107211249764077,436.0,1.0,False,True,,3.0025895420112647,436,1,False,True,False,,1.2025357027513623
v400_s0_p30,400,0.3,h2+3,True,0,2.848690502912245,1.1374056249624118,108.0,1.0,True,True,2.848690502912245,0.8334461660124362,108,1,True,True,True,0.0,1.3647019703795005
v400_s0_p30,400,0.3,h2+3+4,False,0,,14.788267458963674,332.0,12.0,False,True,,2.583965249999892,1147,1,False,True,False,,5.7230906874480185
v400_s0_p50,400,0.5,h2,False,0,,3.3191930419998243,436.0,1.0,False,True,,2.8053994170040824,436,1,False,True,False,,1.1831445539916836
v400_s0_p50,400,0.5,h2,True,0,2.920184063225733,0.7977008339948952,108.0,1.0,True,True,2.920184063225733,0.5814149579964578,108,1,True,True,True,0.0,1.3719991600211894
v400_s0_p50,400,0.5,h3,False,0,,3.524968124984298,436.0,1.0,False,True,,2.8725814589997754,436,1,False,True,False,,1.2271081517777678
v400_s0_p50,400,0.5,h3,True,0,2.806824741259841,1.1089219579589553,108.0,1.0,True,True,2.806824741259841,0.8307389580295421,108,1,True,True,True,0.0,1.3348621094997697
v400_s0_p50,400,0.5,h4,False,0,,3.0635624999995343,1147.0,1.0,False,True,,2.135653084027581,1147,1,False,True,False,,1.4344850869795902
v400_s0_p50,400,0.5,h2+3,False,0,,3.646427208033856,436.0,1.0,False,True,,2.9397798749851063,436,1,False,True,False,,1.2403742331395917
v400_s0_p50,400,0.5,h2+3,True,0,2.9234500782074515,1.1215802090009674,108.0,1.0,True,True,2.9234500782074515,0.9087482909671962,108,1,True,True,True,0.0,1.2342033763906732
v400_s0_p50,400,0.5,h2+3+4,False,0,,14.545770708005875,332.0,12.0,False,True,,2.6407908750115894,1147,1,False,True,False,,5.50811154553919
v400_s1_p0,400,0.0,h2,False,0,,9.045183708018158,598.0,1.0,False,True,,8.31541112496052,598,1,False,True,False,,1.087761455457935
v400_s1_p0,400,0.0,h2,True,0,,9.334587624995038,594.0,1.0,False,True,,8.329569624969736,594,1,False,True,False,,1.1206566539779603
v400_s1_p0,400,0.0,h3,False,0,1.6757850595684682,29.369275582954288,598.0,1.0,True,True,1.6757850595684682,27.618519665964413,598,1,True,True,True,0.0,1.0633906501204484
v400_s1_p0,400,0.0,h3,True,0,1.6869077751820092,28.834744125022553,594.0,1.0,True,True,1.6869077751820092,26.97063137497753,594,1,True,True,True,0.0,1.0691163927209537
v400_s1_p0,400,0.0,h4,False,0,1.6385287132733897,53.89112570800353,351.0,10.0,True,True,,6.741417540994007,2790,1,False,True,False,,7.99403469378599
v400_s1_p0,400,0.0,h4,True,0,1.6352126561641664,52.28012316703098,350.0,8.0,True,True,,6.747217791969888,2784,1,False,True,False,,7.7483971584927165
v400_s1_p0,400,0.0,h2+3,False,0,1.6688503080270896,29.63386979198549,598.0,1.0,True,True,1.6688503080270896,27.56925570796011,598,1,True,True,True,0.0,1.0748882779388658
v400_s1_p0,400,0.0,h2+3,True,0,1.6787236864685642,29.305312749987934,594.0,1.0,True,True,1.6787236864685642,27.62720495800022,594,1,True,True,True,0.0,1.0607411352157712
v400_s1_p0,400,0.0,h2+3+4,False,0,1.6420020015066599,57.18819091696059,351.0,10.0,True,True,,7.879705291998107,2790,1,False,True,False,,7.257656066786607
v400_s1_p0,400,0.0,h2+3+4,True,0,1.6224903980544225,55.62946516595548,350.0,8.0,True,True,,7.918761125009041,2784,1,False,True,False,,7.025021248622646
v400_s1_p10,400,0.1,h2,False,0,,5.883481417025905,538.0,1.0,False,True,,5.257559417048469,538,1,False,True,False,,1.1190518166942223
v400_s1_p10,400,0.1,h2,True,0,,3.7982370419777,414.0,1.0,False,True,,3.370320415997412,414,1,False,True,False,,1.1269661554875192
v400_s1_p10,400,0.1,h3,False,0,2.1463369984987146,11.389409583003726,538.0,1.0,True,True,2.1463369984987146,10.486951707978733,538,1,True,True,True,0.0,1.086055309507946
v400_s1_p10,400,0.1,h3,True,0,1.9158345678493105,12.104051541013177,414.0,1.0,True,True,1.9158345678493105,11.364933333999943,414,1,True,True,True,0.0,1.0650349795543497
v400_s1_p10,400,0.1,h4,False,0,,30.5177372500184,343.0,14.0,False,True,,4.7367292499984615,2128,1,False,True,False,,6.442786918848763
v400_s1_p10,400,0.1,h4,True,0,1.8578361519287798,22.17168924998259,221.0,14.0,True,True,,4.082253833999857,1890,1,False,True,False,,5.4312372898817065
v400_s1_p10,400,0.1,h2+3,False,0,2.1820366338004833,11.450174542027526,538.0,1.0,True,True,2.1820366338004833,10.438873790961225,538,1,True,True,True,0.0,1.0968783387286436
v400_s1_p10,400,0.1,h2+3,True,0,1.936466590513611,11.351490708009806,414.0,1.0,True,True,1.936466590513611,10.7366894580191,414,1,True,True,True,0.0,1.0572617148325472
v400_s1_p10,400,0.1,h2+3+4,False,0,,34.22378870897228,343.0,14.0,False,True,,6.066672166984063,2128,1,False,True,False,,5.641278738486049
v400_s1_p10,400,0.1,h2+3+4,True,0,1.8072100273938643,24.871624874998815,222.0,14.0,True,True,,4.832950583018828,1890,1,False,True,False,,5.146260953378741
v400_s1_p30,400,0.3,h2,False,0,,3.151180166983977,431.0,1.0,False,True,,2.6214008340029977,431,1,False,True,False,,1.202097796761582
v400_s1_p30,400,0.3,h2,True,0,,0.49350604199571535,93.0,1.0,False,True,,0.30692266701953486,93,1,False,True,False,,1.6079165699557307
v400_s1_p30,400,0.3,h3,False,0,,3.2773864589980803,431.0,1.0,False,True,,2.701745667029172,431,1,False,True,False,,1.2130625391552419
v400_s1_p30,400,0.3,h3,True,0,3.144850455813031,0.8431340000242926,93.0,1.0,True,True,3.144850455813031,0.6544104589847848,93,1,True,True,True,0.0,1.2883871100292053
v400_s1_p30,400,0.3,h4,False,0,,2.9938766669947654,1104.0,1.0,False,True,,2.1039949170080945,1104,1,False,True,False,,1.4229486215927238
v400_s1_p30,400,0.3,h4,True,0,3.1500899896687073,1.750384707993362,72.0,7.0,True,True,,0.5375892919837497,335,1,False,True,False,,3.255988789386588
v400_s1_p30,400,0.3,h2+3,False,0,,3.5215442089829594,431.0,1.0,False,True,,2.8536741249845363,431,1,False,True,False,,1.234038665505313
v400_s1_p30,400,0.3,h2+3,True,0,3.2675392779381616,0.9016347920405678,93.0,1.0,True,True,3.2675392779381616,0.6359809160348959,93,1,True,True,True,0.0,1.4177073074172175
v400_s1_p30,400,0.3,h2+3+4,False,0,,3.805251165991649,1104.0,1.0,False,True,,2.5529137919656932,1104,1,False,True,False,,1.490552159640957
v400_s1_p30,400,0.3,h2+3+4,True,0,3.137369558098338,2.139752666989807,73.0,7.0,True,True,,0.6314893750241026,335,1,False,True,False,,3.3884222785349905
v400_s1_p50,400,0.5,h2,False,0,,3.0903947500046343,431.0,1.0,False,True,,2.643012334010564,431,1,False,True,False,,1.1692698933853263
v400_s1_p50,400,0.5,h2,True,0,3.809743686022928,0.6536319580045529,93.0,1.0,True,True,3.809743686022928,0.3944734579999931,93,1,True,True,True,0.0,1.6569732253178977
v400_s1_p50,400,0.5,h3,False,0,,3.2841773339896463,431.0,1.0,False,True,,2.7184362079715356,431,1,False,True,False,,1.2081127099319575
v400_s1_p50,400,0.5,h3,True,0,3.290136871059489,0.8346977919572964,93.0,1.0,True,True,3.290136871059489,0.6501633339794353,93,1,True,True,True,0.0,1.2838278449945595
v400_s1_p50,400,0.5,h4,False,0,,2.9482987499795854,1104.0,1.0,False,True,,2.003357750014402,1104,1,False,True,False,,1.4716786105519049
v400_s1_p50,400,0.5,h4,True,0,3.1969244018412346,1.7491796250105835,58.0,7.0,True,True,,0.5197347500361502,335,1,False,True,False,,3.3655237116412153
v400_s1_p50,400,0.5,h2+3,False,0,,3.6118046659976244,431.0,1.0,False,True,,2.8664224999956787,431,1,False,True,False,,1.2600391833384887
v400_s1_p50,400,0.5,h2+3,True,0,3.1758782061907938,0.8702517919591628,93.0,1.0,True,True,3.1758782061907938,0.601087249990087,93,1,True,True,True,0.0,1.447796126059095
v400_s1_p50,400,0.5,h2+3+4,False,0,,3.769308999995701,1104.0,1.0,False,True,,2.5433348329970613,1104,1,False,True,False,,1.4820341195712536
v400_s1_p50,400,0.5,h2+3+4,True,0,3.12846611520674,2.121965290978551,59.0,7.0,True,True,,0.5903429579921067,335,1,False,True,False,,3.5944619347977778
v500_s0_p0,500,0.0,h2,False,0,2.2598422986858284,15.315123667009175,748.0,1.0,True,True,2.2598422986858284,14.186270500009414,748,1,True,True,True,0.0,1.079573638963039
v500_s0_p0,500,0.0,h2,True,0,,13.674054291972425,744.0,1.0,False,True,,13.082478041993454,744,1,False,True,False,,1.0452189751880392
v500_s0_p0,500,0.0,h3,False,0,1.6355670315967512,43.94567379099317,748.0,1.0,True,True,1.6355670315967512,42.34843441599514,748,1,True,True,True,0.0,1.037716609764321
v500_s0_p0,500,0.0,h3,True,0,1.6536414842015201,44.261917916999664,744.0,1.0,True,True,1.6536414842015201,42.311829500016756,744,1,True,True,True,0.0,1.0460884920370115
v500_s0_p0,500,0.0,h4,False,0,1.5678475411927888,80.25611116702203,327.0,20.0,True,True,,9.101507750048768,3528,1,False,True,False,,8.817891867047193
v500_s0_p0,500,0.0,h4,True,0,1.6119716472698715,74.99570470897015,414.0,14.0,True,True,,9.158383083995432,3514,1,False,True,False,,8.188749479155065
v500_s0_p0,500,0.0,h2+3,False,0,1.6432582104566213,45.427676249993965,748.0,1.0,True,True,1.6432582104566213,43.21197437500814,748,1,True,True,True,0.0,1.051275182562991
v500_s0_p0,500,0.0,h2+3,True,0,1.648787358458229,44.752622209023684,744.0,1.0,True,True,1.648787358458229,42.912715708022006,744,1,True,True,True,0.0,1.0428755549641835
v500_s0_p0,500,0.0,h2+3+4,False,0,1.5672441566109352,88.25813324999763,329.0,20.0,True,True,,10.576677083969116,3528,1,False,True,False,,8.344599400105439
v500_s0_p0,500,0.0,h2+3+4,True,0,1.5821374138280913,79.56799570797011,414.0,14.0,True,True,,10.559524667041842,3514,1,False,True,False,,7.535187256706356
v500_s0_p10,500,0.1,h2,False,0,,9.721965917036869,673.0,1.0,False,True,,9.173359750013333,673,1,False,True,False,,1.0598042791271474
v500_s0_p10,500,0.1,h2,True,0,,5.818809124990366,519.0,1.0,False,True,,5.303672457986977,519,1,False,True,False,,1.097128295739234
v500_s0_p10,500,0.1,h3,False,0,1.9010551465981054,20.92534675000934,673.0,1.0,True,True,1.9010551465981054,19.669314041966572,673,1,True,True,True,0.0,1.0638574738988298
v500_s0_p10,500,0.1,h3,True,0,1.8390743772722455,20.815783375001047,519.0,1.0,True,True,1.8390743772722455,19.901290792040527,519,1,True,True,True,0.0,1.0459514205644524
v500_s0_p10,500,0.1,h4,False,0,,55.0070782090188,449.0,16.0,False,True,,6.287864916026592,2678,1,False,True,False,,8.748132942362684
v500_s0_p10,500,0.1,h4,True,0,1.7941817951662853,37.61263874999713,265.0,15.0,True,True,,5.3529202089994214,2390,1,False,True,False,,7.026564432393765
v500_s0_p10,500,0.1,h2+3,False,0,1.919482252253617,19.918842250015587,673.0,1.0,True,True,1.919482252253617,18.543783416971564,673,1,True,True,True,0.0,1.074152011060782
v500_s0_p10,500,0.1,h2+3,True,0,1.8586168815870119,21.812712166982237,519.0,1.0,True,True,1.8586168815870119,20.763569917005952,519,1,True,True,True,0.0,1.0505280283770955
v500_s0_p10,500,0.1,h2+3+4,False,0,,59.547910334018525,449.0,16.0,False,True,,8.27772987500066,2678,1,False,True,False,,7.1937489182701535
v500_s0_p10,500,0.1,h2+3+4,True,0,1.780096860510414,41.124108999967575,265.0,15.0,True,True,,6.2606512089842,2390,1,False,True,False,,6.5686631673320806
v500_s0_p30,500,0.3,h2,False,0,,4.850850499991793,535.0,1.0,False,True,,4.280203000002075,535,1,False,True,False,,1.1333225316625033
v500_s0_p30,500,0.3,h2,True,0,3.0893926552325786,0.8778224589768797,105.0,1.0,True,True,3.0893926552325786,0.6997519999858923,105,1,True,True,True,0.0,1.254476527390529
v500_s0_p30,500,0.3,h3,False,0,,5.202460333995987,535.0,1.0,False,True,,4.469624582969118,535,1,False,True,False,,1.1639591284286464
v500_s0_p30,500,0.3,h3,True,0,2.972339170161593,1.191488999989815,105.0,1.0,True,True,2.972339170161593,0.9790610409690998,105,1,True,True,True,0.0,1.2169711081654813
v500_s0_p30,500,0.3,h4,False,0,,3.801331583003048,1372.0,1.0,False,True,,2.6799401660100557,1372,1,False,True,False,,1.4184389753232962
v500_s0_p30,500,0.3,h4,True,0,3.374558366408686,1.9307352080359124,113.0,3.0,True,True,,0.6229499579640105,389,1,False,True,False,,3.0993423843323478
v500_s0_p30,500,0.3,h2+3,False,0,,5.473414917010814,535.0,1.0,False,True,,4.735755083966069,535,1,False,True,False,,1.1557639320374176
v500_s0_p30,500,0.3,h2+3,True,0,2.9711682151178525,1.2149419170455076,105.0,1.0,True,True,2.9711682151178525,1.006666374974884,105,1,True,True,True,0.0,1.2068962937952705
v500_s0_p30,500,0.3,h2+3+4,False,0,,4.916295832954347,1372.0,1.0,False,True,,3.245551667001564,1372,1,False,True,False,,1.5147797161695833
v500_s0_p30,500,0.3,h2+3+4,True,0,,2.0783962919958867,113.0,3.0,False,True,,0.7724112920113839,389,1,False,True,False,,2.6907896265779283
v500_s0_p50,500,0.5,h2,False,0,,4.908233374997508,535.0,1.0,False,True,,4.3730197079712525,535,1,False,True,False,,1.1223899508274922
v500_s0_p50,500,0.5,h2,True,0,3.192559932833137,0.8481595419580117,105.0,1.0,True,True,3.192559932833137,0.6800836669863202,105,1,True,True,True,0.0,1.2471399963426446
v500_s0_p50,500,0.5,h3,False,0,,5.039423374983016,535.0,1.0,False,True,,4.3631282079732046,535,1,False,True,False,,1.1550023594938021
v500_s0_p50,500,0.5,h3,True,0,2.93240996814747,1.3028141669929028,105.0,1.0,True,True,2.93240996814747,1.1230250420048833,105,1,True,True,True,0.0,1.1600936027811548
v500_s0_p50,500,0.5,h4,False,0,,3.8117472080048174,1372.0,1.0,False,True,,2.598805417015683,1372,1,False,True,False,,1.46673051512337
v500_s0_p50,500,0.5,h4,True,0,3.1421077634510906,1.9072284169960767,113.0,3.0,True,True,,0.6570447910344228,389,1,False,True,False,,2.902737291309195
v500_s0_p50,500,0.5,h2+3,False,0,,5.414250792004168,535.0,1.0,False,True,,4.53572762501426,535,1,False,True,False,,1.1936895774219127
v500_s0_p50,500,0.5,h2+3,True,0,2.984128732880983,1.3049332920345478,105.0,1.0,True,True,2.984128732880983,1.0557813750347123,105,1,True,True,True,0.0,1.235988172259284
v500_s0_p50,500,0.5,h2+3+4,False,0,,4.9700824589817785,1372.0,1.0,False,True,,3.227920500037726,1372,1,False,True,False,,1.5397165013585963
v500_s0_p50,500,0.5,h2+3+4,True,0,3.7367577223594206,2.3219620829913765,113.0,3.0,True,True,,0.7265840829932131,389,1,False,True,False,,3.195723849916852
v500_s1_p0,500,0.0,h2,False,0,,13.48214429197833,748.0,1.0,False,True,,12.94578691595234,748,1,False,True,False,,1.0414310369472455
v500_s1_p0,500,0.0,h2,True,0,,13.097184417012613,744.0,1.0,False,True,,12.250796583015472,744,1,False,True,False,,1.0690883917843004
v500_s1_p0,500,0.0,h3,False,0,1.669436786628296,44.2409533750033,748.0,1.0,True,True,1.669436786628296,42.98005908401683,748,1,True,True,True,0.0,1.029336727725797
v500_s1_p0,500,0.0,h3,True,0,1.6671778719703576,43.60921091603814,744.0,1.0,True,True,1.6671778719703576,42.46524920803495,744,1,True,True,True,0.0,1.0269387729811494
v500_s1_p0,500,0.0,h4,False,0,1.5897924187829562,89.83148754196009,333.0,16.0,True,True,,9.273836334003136,3509,1,False,True,False,,9.686550884296608
v500_s1_p0,500,0.0,h4,True,0,1.61433313819822,91.30158312502317,380.0,15.0,True,True,,9.310918583010789,3505,1,False,True,False,,9.805862043688904
v500_s1_p0,500,0.0,h2+3,False,0,1.657470858889439,45.07657900004415,748.0,1.0,True,True,1.657470858889439,43.292410458030645,748,1,True,True,True,0.0,1.0412120397810407
v500_s1_p0,500,0.0,h2+3,True,0,1.6706071986407982,45.03776120796101,744.0,1.0,True,True,1.6706071986407982,43.522633166983724,744,1,True,True,True,0.0,1.034812416683618
v500_s1_p0,500,0.0,h2+3+4,False,0,1.607740405798753,95.36565262498334,334.0,16.0,True,True,,10.435527959023602,3509,1,False,True,False,,9.138555614957713
v500_s1_p0,500,0.0,h2+3+4,True,0,1.598020239460898,97.49211704201298,380.0,15.0,True,True,,10.324078708013985,3505,1,False,True,False,,9.443178398701619
v500_s1_p10,500,0.1,h2,False,0,,9.288373416988179,673.0,1.0,False,True,,8.62585308298003,673,1,False,True,False,,1.0768063549929214
v500_s1_p10,500,0.1,h2,True,0,,5.701162207988091,519.0,1.0,False,True,,5.195897458004765,519,1,False,True,False,,1.0972430179900718
v500_s1_p10,500,0.1,h3,False,0,1.9343240342568944,22.536390124994796,673.0,1.0,True,True,1.9343240342568944,21.613624749996234,673,1,True,True,True,0.0,1.0426936890814078
v500_s1_p10,500,0.1,h3,True,0,1.9238013624272317,21.1205450000125,519.0,1.0,True,True,1.9238013624272317,20.162211416987702,519,1,True,True,True,0.0,1.0475311741953737
v500_s1_p10,500,0.1,h4,True,0,1.8458445209481995,39.00968079199083,270.0,15.0,True,True,,5.456228458031546,2382,1,False,True,False,,7.149568807839917
v500_s1_p10,500,0.1,h2+3,False,0,1.9618046130925224,26.024952040985227,673.0,1.0,True,True,1.9618046130925224,25.11478420800995,673,1,True,True,True,0.0,1.036240320658817
v500_s1_p10,500,0.1,h2+3,True,0,1.8627638607213715,22.2359169999836,519.0,1.0,True,True,1.8627638607213715,21.063738041964825,519,1,True,True,True,0.0,1.0556491424116399
v500_s1_p10,500,0.1,h2+3+4,True,0,1.8758165785626724,41.25628916703863,270.0,15.0,True,True,,6.243562541960273,2382,1,False,True,False,,6.607812269000755
v500_s1_p30,500,0.3,h2,False,0,,4.82707716699224,538.0,1.0,False,True,,4.355576582951471,538,1,False,True,False,,1.1082521625004387
v500_s1_p30,500,0.3,h2,True,0,,0.6372331670136191,114.0,1.0,False,True,,0.4676707499893382,114,1,False,True,False,,1.3625679327350417
v500_s1_p30,500,0.3,h3,False,0,,4.887237875023857,538.0,1.0,False,True,,4.448675332998391,538,1,False,True,False,,1.098582726137013
v500_s1_p30,500,0.3,h3,True,0,2.992140275049531,1.1352655840455554,114.0,1.0,True,True,2.992140275049531,0.926374125003349,114,1,True,True,True,0.0,1.225493624448385
v500_s1_p30,500,0.3,h4,False,0,,4.117318249947857,1392.0,1.0,False,True,,2.8027836669934914,1392,1,False,True,False,,1.4690103622462056
v500_s1_p30,500,0.3,h4,True,0,3.3617201039526132,2.2147776249912567,96.0,6.0,True,True,,0.683788167021703,420,1,False,True,False,,3.238982088031601
v500_s1_p30,500,0.3,h2+3,False,0,,5.605596332985442,538.0,1.0,False,True,,4.739840208028909,538,1,False,True,False,,1.1826551290674339
v500_s1_p30,500,0.3,h2+3,True,0,2.930000539473549,1.2060974170453846,114.0,1.0,True,True,2.930000539473549,0.9091499999631196,114,1,True,True,True,0.0,1.3266209284433932
v500_s1_p30,500,0.3,h2+3+4,False,0,,5.245946166978683,1392.0,1.0,False,True,,3.4810060000163503,1392,1,False,True,False,,1.5070201450253298
v500_s1_p30,500,0.3,h2+3+4,True,0,2.9039961708411965,2.7332084579975344,97.0,6.0,True,True,,0.7912064589909278,420,1,False,True,False,,3.4544819837332423
v500_s1_p50,500,0.5,h2,False,0,,4.985036332975142,538.0,1.0,False,True,,4.444987625000067,538,1,False,True,False,,1.1214961105713015
v500_s1_p50,500,0.5,h2,True,0,3.4650054324549515,0.887983292050194,114.0,1.0,True,True,3.4650054324549515,0.6942317910143174,114,1,True,True,True,0.0,1.2790876239660434
v500_s1_p50,500,0.5,h3,False,0,,5.253310957981739,538.0,1.0,False,True,,4.673138166952413,538,1,False,True,False,,1.12415057511721
v500_s1_p50,500,0.5,h3,True,0,2.8160141671021806,1.1038701249635778,114.0,1.0,True,True,2.8160141671021806,0.8967422089772299,114,1,True,True,True,0.0,1.2309782163846013
v500_s1_p50,500,0.5,h4,False,0,,3.987807708035689,1392.0,1.0,False,True,,2.7759518749662675,1392,1,False,True,False,,1.436555058464098
v500_s1_p50,500,0.5,h4,True,0,3.442737930537732,2.1273167080362327,102.0,5.0,True,True,,0.664176749996841,420,1,False,True,False,,3.2029376337644324
v500_s1_p50,500,0.5,h2+3,False,0,,5.180259249988012,538.0,1.0,False,True,,4.161068583023734,538,1,False,True,False,,1.2449348398443507
v500_s1_p50,500,0.5,h2+3,True,0,3.1119751366601203,1.155867791036144,114.0,1.0,True,True,3.1119751366601203,0.9463088750489987,114,1,True,True,True,0.0,1.221448748408171
v500_s1_p50,500,0.5,h2+3+4,False,0,,4.828339209023397,1392.0,1.0,False,True,,2.9553781669819728,1392,1,False,True,False,,1.6337466598916135
v500_s1_p50,500,0.5,h2+3+4,True,0,3.2896622436068133,2.647726082999725,103.0,5.0,True,True,,0.8190226250444539,420,1,False,True,False,,3.232787473796606
