vertices,remove_ratio_target,hop_key,use_reduction,n_runs,n_ok,n_timeout,n_error,n_sc,time_mean,time_std,n_subgraphs_mean,qubo_vars_mean,n_edges_mean,n_edges_solved_mean,sc_rate,apsp_mean,apsp_std,apsp_min,apsp_max
100,0.0,h2,False,2,2,0,0,2,0.6258135000243783,0.01618514386164495,1.0,148.0,148.0,148.0,1.0,2.1991911927858965,0.13921531997579645,2.100751095985956,2.2976312895858375
100,0.0,h2,True,2,2,0,0,2,0.6060176870087162,0.024210658757079513,1.0,144.0,148.0,144.0,1.0,2.104003071003076,0.09597547106543301,2.036138164585135,2.1718679774210172
100,0.0,h3,False,2,2,0,0,2,1.280775833496591,0.004992055771844477,1.0,148.0,148.0,148.0,1.0,1.7969022744931855,0.035671382272576255,1.7716787981939492,1.8221257507924218
100,0.0,h3,True,2,2,0,0,2,1.219239104015287,0.0034139412390882928,1.0,144.0,148.0,144.0,1.0,1.772999680033771,0.007444340753605048,1.7677357362054336,1.7782636238621086
100,0.0,h4,False,2,2,0,0,2,1.9747703750035726,0.14704067442646837,3.0,113.0,148.0,148.0,1.0,1.8182674544871587,0.045150540837589175,1.7863412008866593,1.8501937080876583
100,0.0,h4,True,2,2,0,0,2,2.0752060624945443,0.07401478230799524,3.0,100.5,148.0,144.0,1.0,1.7993692734033706,0.054923504679937965,1.7605324907976554,1.8382060560090858
100,0.0,h2+3,False,2,2,0,0,2,1.3205289375036955,0.009937943869366507,1.0,148.0,148.0,148.0,1.0,1.7757291937860158,0.005278526699873066,1.7719967117618614,1.7794616758101705
100,0.0,h2+3,True,2,2,0,0,2,1.2580971669522114,0.008567128981442441,1.0,144.0,148.0,144.0,1.0,1.7625050101413762,0.031341334646755724,1.7403433398812183,1.7846666804015339
100,0.0,h2+3+4,False,2,2,0,0,2,2.405155354004819,0.15408873294676456,3.0,113.0,148.0,148.0,1.0,1.7965860929194322,0.06903168809300948,1.7477733181521105,1.8453988676867537
100,0.0,h2+3+4,True,2,2,0,0,2,2.470563457987737,0.05784811156645693,3.0,100.5,148.0,144.0,1.0,1.7750171156004524,0.06124305068757568,1.7317117391587162,1.8183224920421888
100,0.1,h2,False,2,2,0,0,2,0.4965622920135502,0.007130111231516349,1.0,133.0,133.0,133.0,1.0,2.609645323832609,0.36339501002240227,2.352686247996415,2.866604399668803
100,0.1,h2,True,2,2,0,0,2,0.3433092084887903,0.0027400974662551507,1.0,99.0,133.0,99.0,1.0,2.5499288693332827,0.41224686440061525,2.2584263159927165,2.841431422673849
100,0.1,h3,False,2,2,0,0,2,0.7652207085338887,0.027431559157022528,1.0,133.0,133.0,133.0,1.0,2.0539263837065787,0.015403129914014215,2.043034726092882,2.0648180413202755
100,0.1,h3,True,2,2,0,0,2,0.5779008755052928,0.08875486442202618,1.0,99.0,133.0,99.0,1.0,2.11417850013673,0.13473938267555663,2.018903368953955,2.2094536313195055
100,0.1,h4,False,2,2,0,0,1,1.49467949999962,0.0057174886866620325,3.5,135.0,133.0,133.0,0.5,2.49538664947155,,2.49538664947155,2.49538664947155
100,0.1,h4,True,2,1,0,1,1,1.0029090624884702,0.19960955579519354,4.0,114.0,133.0,99.0,0.5,2.372373890625461,,2.372373890625461,2.372373890625461
100,0.1,h2+3,False,2,2,0,0,2,0.8485376250173431,0.005348319542630333,1.0,133.0,133.0,133.0,1.0,2.054570702260216,0.03623526919222732,2.028948497696272,2.08019290682416
100,0.1,h2+3,True,2,2,0,0,2,0.6182917294790968,0.0935364096094947,1.0,99.0,133.0,99.0,1.0,2.1367515671345947,0.0858821384908875,2.0760237246248856,2.1974794096443033
100,0.1,h2+3+4,False,2,2,0,0,1,1.8794693129893858,0.0030354029000234603,3.5,135.0,133.0,133.0,0.5,2.3736469348964793,,2.3736469348964793,2.3736469348964793
100,0.1,h2+3+4,True,2,1,0,1,1,1.264447312511038,0.2249196185530384,4.0,114.0,133.0,99.0,0.5,2.2805215856385592,,2.2805215856385592,2.2805215856385592
100,0.3,h2,False,2,2,0,0,2,0.46702322948840447,0.00856315149609132,1.0,108.0,108.0,108.0,1.0,2.8264839844406833,0.05061740896539829,2.7906920713151577,2.8622758975662093
100,0.3,h2,True,2,2,0,0,2,0.14808010449633002,0.027662105669940627,1.0,24.0,108.0,24.0,1.0,2.798660363508197,0.11689628567803055,2.716002207209742,2.881318519806652
100,0.3,h3,False,2,2,0,0,2,0.46837156248511747,0.021365496564953384,1.0,108.0,108.0,108.0,1.0,2.809923358782054,0.08373087773926301,2.750716687337919,2.8691300302261884
100,0.3,h3,True,2,2,0,0,2,0.17342620849376544,0.0436459305821798,1.0,24.0,108.0,24.0,1.0,2.826799591661686,0.19074643678380157,2.6919214927246893,2.9616776905986835
100,0.3,h4,False,2,2,0,0,0,0.4295516460260842,0.04862611263190922,1.0,282.5,108.0,108.0,0.0,,,,
100,0.3,h4,True,2,0,0,2,0,0.1314632290159352,0.032056125855352266,,,108.0,,0.0,,,,
100,0.3,h2+3,False,2,2,0,0,2,0.5030927294865251,0.0010521459413737992,1.0,108.0,108.0,108.0,1.0,2.8748572127046748,0.059627545340900395,2.8326941710486158,2.9170202543607338
100,0.3,h2+3,True,2,2,0,0,2,0.17701183349709027,0.04953972361090704,1.0,24.0,108.0,24.0,1.0,2.7854253368189674,0.24925846911545543,2.609172983039251,2.9616776905986835
100,0.3,h2+3+4,False,2,2,0,0,0,0.5152229165250901,0.056111692812149325,1.0,282.5,108.0,108.0,0.0,,,,
100,0.3,h2+3+4,True,2,0,0,2,0,0.14402910400531255,0.04544018510240229,,,108.0,,0.0,,,,
100,0.5,h2,False,2,2,0,0,2,0.47890956251649186,0.009169731779833299,1.0,108.0,108.0,108.0,1.0,2.7948366569466536,0.08360067974041364,2.735722049390402,2.853951264502905
100,0.5,h2,True,2,2,0,0,2,0.15368958347244188,0.034072706030445515,1.0,24.0,108.0,24.0,1.0,2.8375836217491095,0.20986513871097554,2.6891865590319233,2.9859806844662957
100,0.5,h3,False,2,2,0,0,2,0.4880810625036247,0.02468430224183078,1.0,108.0,108.0,108.0,1.0,2.7030525211373186,0.23486906575862057,2.536975012048449,2.8691300302261884
100,0.5,h3,True,2,2,0,0,2,0.1701631874893792,0.045834396389166795,1.0,24.0,108.0,24.0,1.0,2.7854253368189674,0.24925846911545543,2.609172983039251,2.9616776905986835
100,0.5,h4,False,2,2,0,0,0,0.43056514600175433,0.047414131682275186,1.0,282.5,108.0,108.0,0.0,,,,
100,0.5,h4,True,2,0,0,2,0,0.1310086045123171,0.03125856815820368,,,108.0,,0.0,,,,
100,0.5,h2+3,False,2,2,0,0,2,0.503338167007314,0.013954929090506975,1.0,108.0,108.0,108.0,1.0,2.855765690825314,0.04357644620066818,2.8249524902168113,2.8865788914338175
100,0.5,h2+3,True,2,2,0,0,2,0.1782877290097531,0.05657959033143231,1.0,24.0,108.0,24.0,1.0,2.8267995916616813,0.19074643678380865,2.691921492724679,2.9616776905986835
100,0.5,h2+3+4,False,2,2,0,0,0,0.5111775624973234,0.06140323869767905,1.0,282.5,108.0,108.0,0.0,,,,
100,0.5,h2+3+4,True,2,0,0,2,0,0.14410924998810515,0.04178653460906602,,,108.0,,0.0,,,,
200,0.0,h2,False,2,2,0,0,1,1.6831654164998326,0.18318037241988838,1.0,298.0,298.0,298.0,0.5,2.2195574948933547,,2.2195574948933547,2.2195574948933547
200,0.0,h2,True,2,2,0,0,1,1.628233708528569,0.16512363420057216,1.0,294.0,298.0,294.0,0.5,2.2304689312426316,,2.2304689312426316,2.2304689312426316
200,0.0,h3,False,2,2,0,0,2,4.476417083496926,0.13435417680313777,1.0,298.0,298.0,298.0,1.0,1.7222028743384699,0.015640056845896932,1.711143684084593,1.7332620645923467
200,0.0,h3,True,2,2,0,0,2,4.375706812512362,0.17800544110192384,1.0,294.0,298.0,294.0,1.0,1.6757855914511266,0.005009015244709558,1.6722436828045257,1.6793275000977277
200,0.0,h4,False,2,2,0,0,2,7.051969791500596,0.5131117408895024,6.5,196.5,298.0,298.0,1.0,1.710550865811177,0.015353438176541471,1.699694345562016,1.7214073860603378
200,0.0,h4,True,2,2,0,0,2,6.516655958490446,0.919646167747429,7.0,215.5,298.0,294.0,1.0,1.7475665571095027,0.04521745718435018,1.7155929865064363,1.779540127712569
200,0.0,h2+3,False,2,2,0,0,2,4.666412124992348,0.09207979863757196,1.0,298.0,298.0,298.0,1.0,1.718082816005859,0.0022168435460023137,1.7165152709016511,1.7196503611100669
200,0.0,h2+3,True,2,2,0,0,2,4.55480283300858,0.09308530448125689,1.0,294.0,298.0,294.0,1.0,1.7275865876978398,0.00443804083977113,1.7244484189248548,1.7307247564708248
200,0.0,h2+3+4,False,2,2,0,0,2,8.142985229031183,0.36929650505781764,6.5,196.5,298.0,298.0,1.0,1.7158662260636195,0.034560243748776684,1.6914284433493993,1.7403040087778394
200,0.0,h2+3+4,True,2,2,0,0,1,7.573942521004938,1.081168949766684,7.0,215.5,298.0,294.0,0.5,1.7319524927142678,,1.7319524927142678,1.7319524927142678
200,0.1,h2,False,2,2,0,0,1,1.4275397915043868,0.08790568860693482,1.0,268.0,268.0,268.0,0.5,2.970370555269701,,2.970370555269701,2.970370555269701
200,0.1,h2,True,2,2,0,0,1,0.8510329164855648,0.024456466792015918,1.0,204.0,268.0,204.0,0.5,2.4450944967160484,,2.4450944967160484,2.4450944967160484
200,0.1,h3,False,2,2,0,0,2,2.866644729510881,0.4977866453304575,1.0,268.0,268.0,268.0,1.0,1.9625914021325892,0.014108679063814014,1.9526150594929816,1.9725677447721968
200,0.1,h3,True,2,2,0,0,2,2.2837334999931045,0.07690970646920935,1.0,204.0,268.0,204.0,1.0,1.916109510585116,0.007707388476354265,1.9106595639282469,1.9215594572419852
200,0.1,h4,False,2,2,0,0,0,4.809323437511921,0.13955527246483573,6.0,197.0,268.0,268.0,0.0,,,,
200,0.1,h4,True,2,2,0,0,2,3.3398489374958444,0.047113081600127615,3.5,162.5,268.0,204.0,1.0,1.8915677714130141,0.017103737104238997,1.8794736029229746,1.9036619399030534
200,0.1,h2+3,False,2,2,0,0,2,2.8822326670051552,0.2684858525727705,1.0,268.0,268.0,268.0,1.0,1.9882936116150953,0.08795089189209891,1.9261029395467872,2.0504842836834034
200,0.1,h2+3,True,2,2,0,0,2,2.2895677499764133,0.0307302709946001,1.0,204.0,268.0,204.0,1.0,1.9260775828391044,0.01248249341549031,1.9172511270988948,1.9349040385793141
200,0.1,h2+3+4,False,2,2,0,0,0,5.6990531664923765,0.12862602352323638,6.0,197.0,268.0,268.0,0.0,,,,
200,0.1,h2+3+4,True,2,2,0,0,2,3.9482561454933602,0.07557165470562484,3.5,162.5,268.0,204.0,1.0,1.8904098221491084,0.005668945664430295,1.8864012722276116,1.894418372070605
200,0.3,h2,False,2,2,0,0,2,0.8968088125111535,0.09723222057498138,1.0,214.5,214.5,214.5,1.0,3.4703757000606283,0.36480395900215584,3.2124203468465047,3.728331053274752
200,0.3,h2,True,2,2,0,0,2,0.221018832991831,0.016198815080994543,1.0,43.5,214.5,43.5,1.0,3.1967634112151995,0.17664018106260757,3.07185994135581,3.321666881074589
200,0.3,h3,False,2,2,0,0,1,0.8957806040125433,0.03736390556270731,1.0,214.5,214.5,214.5,0.5,3.720030398314945,,3.720030398314945,3.720030398314945
200,0.3,h3,True,2,2,0,0,2,0.26555637500132434,0.03187495947918462,1.0,43.5,214.5,43.5,1.0,3.0518354041661624,0.10147845291816505,2.980079301963408,3.1235915063689164
200,0.3,h4,False,2,2,0,0,0,0.8366405830020085,0.07453695027438592,1.0,550.5,214.5,214.5,0.0,,,,
200,0.3,h4,True,2,1,0,1,1,0.30027977100689895,0.20121244880592515,4.0,30.0,214.5,48.0,0.5,3.044681791654355,,3.044681791654355,3.044681791654355
200,0.3,h2+3,False,2,2,0,0,0,0.9244813960103784,0.08993788447751458,1.0,214.5,214.5,214.5,0.0,,,,
200,0.3,h2+3,True,2,2,0,0,2,0.27269047900335863,0.03684583250838532,1.0,43.5,214.5,43.5,1.0,3.057335267614903,0.11843070173655036,2.9735921153163063,3.141078419913499
200,0.3,h2+3+4,False,2,2,0,0,0,1.0485562084941193,0.0927939757508181,1.0,550.5,214.5,214.5,0.0,,,,
200,0.3,h2+3+4,True,2,1,0,1,1,0.3486521459708456,0.2461559804257179,4.0,31.0,214.5,48.0,0.5,2.997204793795438,,2.997204793795438,2.997204793795438
200,0.5,h2,False,2,2,0,0,1,0.8588120000204071,0.03354809153004864,1.0,214.5,214.5,214.5,0.5,3.341658159387059,,3.341658159387059,3.341658159387059
200,0.5,h2,True,2,2,0,0,2,0.22997483299695887,0.021514901833409407,1.0,43.5,214.5,43.5,1.0,3.126312125513031,0.0010937528928706946,3.12553872542554,3.1270855256005223
200,0.5,h3,False,2,2,0,0,0,0.87546797899995,0.07340708274554388,1.0,214.5,214.5,214.5,0.0,,,,
200,0.5,h3,True,2,2,0,0,2,0.26714029200957157,0.03164438329060463,1.0,43.5,214.5,43.5,1.0,3.1182590634070375,0.031137680598904188,3.0962413983051316,3.1402767285089435
200,0.5,h4,False,2,2,0,0,0,0.8345351460156962,0.07474699074030124,1.0,550.5,214.5,214.5,0.0,,,,
200,0.5,h4,True,2,1,0,1,1,0.307123729493469,0.19561204641049118,4.0,30.0,214.5,48.0,0.5,2.928805914170156,,2.928805914170156,2.928805914170156
200,0.5,h2+3,False,2,2,0,0,1,0.9684689370042179,0.04260339004752234,1.0,214.5,214.5,214.5,0.5,3.2937863285350555,,3.2937863285350555,3.2937863285350555
200,0.5,h2+3,True,2,2,0,0,2,0.28279164552805014,0.034889090527260566,1.0,43.5,214.5,43.5,1.0,3.0370005567350207,0.07305118603267169,2.9853455677175984,3.0886555457524425
200,0.5,h2+3+4,False,2,2,0,0,0,1.0488912915170658,0.08353847830351058,1.0,550.5,214.5,214.5,0.0,,,,
200,0.5,h2+3+4,True,2,1,0,1,1,0.3530082920042332,0.24092931162861853,4.0,31.0,214.5,48.0,0.5,2.903217758144105,,2.903217758144105,2.903217758144105
300,0.0,h2,False,2,2,0,0,1,3.3060900830023456,0.011041885365268941,1.0,448.0,448.0,448.0,0.5,2.3564943818888855,,2.3564943818888855,2.3564943818888855
300,0.0,h2,True,2,2,0,0,2,3.363302666519303,0.099103961870396,1.0,444.0,448.0,444.0,1.0,2.2404710245031305,0.1849085911303293,2.109720905815224,2.371221143191037
300,0.0,h3,False,2,2,0,0,2,9.883068812487181,0.17236154957963562,1.0,448.0,448.0,448.0,1.0,1.7011941627559355,0.008872079080473395,1.6949206554749094,1.7074676700369615
300,0.0,h3,True,2,2,0,0,2,9.691230000025826,0.1727753547881003,1.0,444.0,448.0,444.0,1.0,1.7032166013093688,0.011147903600930346,1.6953338430771372,1.7110993595416006
300,0.0,h4,False,2,2,0,0,2,14.43471418748959,1.7110002727743967,10.0,295.5,448.0,448.0,1.0,1.6731186029861709,0.022470567676913657,1.657229512204714,1.689007693767628
300,0.0,h4,True,2,2,0,0,2,17.1633095619909,2.7072670591229206,9.0,248.5,448.0,444.0,1.0,1.6601446626219811,0.04325640354324691,1.6295577663468095,1.690731558897153
300,0.0,h2+3,False,2,2,0,0,2,10.130832396505866,0.0922596688746708,1.0,448.0,448.0,448.0,1.0,1.6965615800218719,0.015686096119485005,1.68546983508544,1.7076533249583037
300,0.0,h2+3,True,2,2,0,0,2,9.958507208008086,0.2043440196601529,1.0,444.0,448.0,444.0,1.0,1.7086121378171084,0.0006553487964020926,1.7081487362391299,1.7090755393950867
300,0.0,h2+3+4,False,2,2,0,0,2,16.21256162499776,1.666064845326796,10.0,295.5,448.0,448.0,1.0,1.6679811428044142,0.05477335629478454,1.6292505311400252,1.706711754468803
300,0.0,h2+3+4,True,2,2,0,0,2,18.77410456252983,2.333960699316941,9.0,248.5,448.0,444.0,1.0,1.6392816872801692,0.03598536257091359,1.6138361933828196,1.6647271811775186
300,0.1,h2,False,2,2,0,0,1,2.7132881044817623,0.09733598846208001,1.0,403.0,403.0,403.0,0.5,2.6013561122016484,,2.6013561122016484,2.6013561122016484
300,0.1,h2,True,2,2,0,0,1,1.6274175625003409,0.09997385030967047,1.0,309.0,403.0,309.0,0.5,3.0103939577650727,,3.0103939577650727,3.0103939577650727
300,0.1,h3,False,2,2,0,0,2,5.58186739552184,0.13508959757439468,1.0,403.0,403.0,403.0,1.0,1.9474699724388023,0.07302234774499045,1.8958353751701573,1.9991045697074472
300,0.1,h3,True,2,2,0,0,2,4.840689500008011,0.11114557673851617,1.0,309.0,403.0,309.0,1.0,1.892586566139707,0.1102873436613698,1.8146016375577012,1.9705714947217128
300,0.1,h4,False,2,2,0,0,2,11.826748375489842,1.1926295135705653,7.5,212.5,403.0,403.0,1.0,1.9263586078637145,0.0253256351408013,1.9084506795177976,1.9442665362096314
300,0.1,h4,True,2,2,0,0,2,8.505345562531147,1.08690953747819,6.0,170.0,403.0,309.0,1.0,1.8361708914696107,0.09046231988875053,1.7722043716344085,1.9001374113048128
300,0.1,h2+3,False,2,2,0,0,2,5.711035958491266,0.4143767126511584,1.0,403.0,403.0,403.0,1.0,1.9040625597958956,0.036822904326356834,1.8780248344437451,1.9301002851480458
300,0.1,h2+3,True,2,2,0,0,2,4.9468113540206105,0.17850065130192608,1.0,309.0,403.0,309.0,1.0,1.8810290948503972,0.06955466998384906,1.831846516041625,1.9302116736591692
300,0.1,h2+3+4,False,2,2,0,0,2,13.14466122846352,1.0864143265784842,7.5,213.5,403.0,403.0,1.0,1.9430926656446603,0.030331589474018632,1.9216449930434154,1.9645403382459055
300,0.1,h2+3+4,True,2,2,0,0,2,9.568762354028877,1.0528064838235012,6.0,171.0,403.0,309.0,1.0,1.8358423507777621,0.07794833498600998,1.7807245545269539,1.8909601470285704
300,0.3,h2,False,2,2,0,0,1,1.8425951045064721,0.2072343476334506,1.0,318.0,318.0,318.0,0.5,3.1251043520824764,,3.1251043520824764,3.1251043520824764
300,0.3,h2,True,2,2,0,0,2,0.2797740414971486,0.025643522284772152,1.0,54.0,318.0,54.0,1.0,2.7953995585055917,0.048235681046909555,2.761291781342171,2.829507335669013
300,0.3,h3,False,2,2,0,0,1,2.0241362915257923,0.5117908654484112,1.0,318.0,318.0,318.0,0.5,2.7533913407220263,,2.7533913407220263,2.7533913407220263
300,0.3,h3,True,2,2,0,0,2,0.379865125491051,0.08497313998698226,1.0,54.0,318.0,54.0,1.0,2.825207843224441,0.30624136789234196,2.608662495307922,3.0417531911409608
300,0.3,h4,False,2,2,0,0,0,1.258371875010198,0.06971135940763579,1.0,790.5,318.0,318.0,0.0,,,,
300,0.3,h4,True,2,1,0,1,1,0.42085393800516613,0.30606990306136944,2.0,57.0,318.0,60.0,0.5,2.5838996637772835,,2.5838996637772835,2.5838996637772835
300,0.3,h2+3,False,2,2,0,0,1,2.065970688010566,0.3053969736775856,1.0,318.0,318.0,318.0,0.5,3.0202921278876094,,3.0202921278876094,3.0202921278876094
300,0.3,h2+3,True,2,2,0,0,2,0.39755895899725147,0.0844352671746423,1.0,54.0,318.0,54.0,1.0,2.7994717356419265,0.33816306817945724,2.5603543369853834,3.038589134298469
300,0.3,h2+3+4,False,2,2,0,0,0,1.6251573340268806,0.07949754050152576,1.0,790.5,318.0,318.0,0.0,,,,
300,0.3,h2+3+4,True,2,1,0,1,1,0.4759911664878018,0.3520877936992215,2.0,57.0,318.0,60.0,0.5,2.7391375057328715,,2.7391375057328715,2.7391375057328715
300,0.5,h2,False,2,2,0,0,2,1.9989736460265703,0.18036087251362642,1.0,318.0,318.0,318.0,1.0,3.4931179839291664,0.1621885253354843,3.3784333778337996,3.6078025900245336
300,0.5,h2,True,2,2,0,0,2,0.28593343749525957,0.02919723445080081,1.0,54.0,318.0,54.0,1.0,2.8761492049953503,0.3653405386552202,2.617814432669898,3.134483977320803
300,0.5,h3,False,2,2,0,0,1,1.9340579374693334,0.3516276736728959,1.0,318.0,318.0,318.0,0.5,2.773676073031455,,2.773676073031455,2.773676073031455
300,0.5,h3,True,2,2,0,0,2,0.38744952049455605,0.08613076146252292,1.0,54.0,318.0,54.0,1.0,2.828792566970355,0.21175346168185252,2.6790602582753915,2.978524875665319
300,0.5,h4,False,2,2,0,0,0,1.2564570419781376,0.0529896982652025,1.0,790.5,318.0,318.0,0.0,,,,
300,0.5,h4,True,2,1,0,1,1,0.4055908749869559,0.29411098940617364,2.0,57.0,318.0,60.0,0.5,2.69798718572283,,2.69798718572283,2.69798718572283
300,0.5,h2+3,False,2,2,0,0,1,2.1093435834918637,0.3234977581935689,1.0,318.0,318.0,318.0,0.5,3.3604304401059917,,3.3604304401059917,3.3604304401059917
300,0.5,h2+3,True,2,2,0,0,2,0.38771816648659296,0.08533729995337302,1.0,54.0,318.0,54.0,1.0,2.8504126239966814,0.2571715365831099,2.6685648865506,3.0322603614427623
300,0.5,h2+3+4,False,2,2,0,0,0,1.6036313749791589,0.07064002685435575,1.0,790.5,318.0,318.0,0.0,,,,
300,0.5,h2+3+4,True,2,1,0,1,1,0.44056912447558716,0.3157589453829733,2.0,57.0,318.0,60.0,0.5,2.7368253504497364,,2.7368253504497364,2.7368253504497364
400,0.0,h2,False,2,2,0,0,0,7.338106729002902,2.4141714157382657,1.0,598.0,598.0,598.0,0.0,,,,
400,0.0,h2,True,2,2,0,0,0,7.443105791491689,2.6749592619227642,1.0,594.0,598.0,594.0,0.0,,,,
400,0.0,h3,False,2,2,0,0,2,23.857742895488627,7.794484276076569,1.0,598.0,598.0,598.0,1.0,1.6742648386250916,0.002149917075926909,1.672744617681715,1.6757850595684682
400,0.0,h3,True,2,2,0,0,2,23.461734479031293,7.598583112122302,1.0,594.0,598.0,594.0,1.0,1.6860030202706002,0.001279516666338135,1.6850982653591915,1.6869077751820092
400,0.0,h4,False,2,2,0,0,2,45.84154918702552,11.383820287327133,11.5,350.5,598.0,598.0,1.0,1.6486157655315505,0.014265246107857251,1.6385287132733897,1.6587028177897114
400,0.0,h4,True,2,2,0,0,1,41.939614333503414,14.623687834213476,8.5,403.0,598.0,594.0,0.5,1.6352126561641664,,1.6352126561641664,1.6352126561641664
400,0.0,h2+3,False,2,2,0,0,2,29.695489208505023,0.0871430145474415,1.0,598.0,598.0,598.0,1.0,1.6713308845127157,0.0035080649084762295,1.6688503080270896,1.6738114609983417
400,0.0,h2+3,True,2,2,0,0,2,29.48275206249673,0.25093708224809647,1.0,594.0,598.0,594.0,1.0,1.6717160946642835,0.009910231369188281,1.6647085028600028,1.6787236864685642
400,0.0,h2+3+4,False,2,2,0,0,2,53.81297612498747,4.773274534730673,11.5,350.5,598.0,598.0,1.0,1.6512952840830444,0.013142686258488473,1.6420020015066599,1.6605885666594287
400,0.0,h2+3+4,True,2,2,0,0,1,50.66438120798557,7.0216890716821325,8.5,403.0,598.0,594.0,0.5,1.6224903980544225,,1.6224903980544225,1.6224903980544225
400,0.1,h2,False,2,2,0,0,0,5.9777226250153035,0.13327719447303088,1.0,538.0,538.0,538.0,0.0,,,,
400,0.1,h2,True,2,2,0,0,0,3.7858867709874175,0.01746592073344022,1.0,414.0,538.0,414.0,0.0,,,,
400,0.1,h3,False,2,2,0,0,2,12.235155375004979,1.1960651693681468,1.0,538.0,538.0,538.0,1.0,2.083170164347293,0.0893313935491125,2.020003330195871,2.1463369984987146
400,0.1,h3,True,2,2,0,0,2,13.082852999505121,1.384234297469873,1.0,414.0,538.0,414.0,1.0,1.9024545505000352,0.018922202000132435,1.88907453315076,1.9158345678493105
400,0.1,h4,False,2,2,0,0,0,31.39110212502419,1.2351244511334725,13.0,323.0,538.0,538.0,0.0,,,,
400,0.1,h4,True,2,2,0,0,2,21.085485396004515,1.5361242217977213,12.5,256.0,538.0,414.0,1.0,1.8471304385850098,0.015140165005638176,1.8364247252412398,1.8578361519287798
400,0.1,h2+3,False,2,2,0,0,2,12.194324687501648,1.0523872281714162,1.0,538.0,538.0,538.0,1.0,2.1324263846379847,0.07015948719831396,2.082816135475486,2.1820366338004833
400,0.1,h2+3,True,2,2,0,0,2,12.680979166529141,1.8801806090565447,1.0,414.0,538.0,414.0,1.0,1.8863908817678583,0.07081774645368845,1.8363151730221055,1.936466590513611
400,0.1,h2+3+4,False,2,2,0,0,0,35.09484833350871,1.2318643346550333,13.0,323.0,538.0,538.0,0.0,,,,
400,0.1,h2+3+4,True,2,2,0,0,2,23.66776606248459,1.7025134598399887,12.5,256.5,538.0,414.0,1.0,1.8403094341228141,0.04680962990258415,1.8072100273938643,1.873408840851764
400,0.3,h2,False,2,2,0,0,0,3.1785241044999566,0.03867016728378087,1.0,433.5,433.5,433.5,0.0,,,,
400,0.3,h2,True,2,2,0,0,1,0.6393383750109933,0.20623806318271581,1.0,100.5,433.5,100.5,0.5,2.950693010372719,,2.950693010372719,2.950693010372719
400,0.3,h3,False,2,2,0,0,0,3.3809873544960283,0.14651379148719568,1.0,433.5,433.5,433.5,0.0,,,,
400,0.3,h3,True,2,2,0,0,2,0.9729238125146367,0.18355051308170547,1.0,100.5,433.5,100.5,1.0,2.9324422661080316,0.3003905426399269,2.720034076403033,3.144850455813031
400,0.3,h4,False,2,2,0,0,0,3.0361931250081398,0.05984450883410566,1.0,1125.5,433.5,433.5,0.0,,,,
400,0.3,h4,True,2,1,0,1,1,1.2936056039761752,0.6459832039097364,7.0,72.0,433.5,93.0,0.5,3.1500899896687073,,3.1500899896687073,3.1500899896687073
400,0.3,h2+3,False,2,2,0,0,0,3.5661326669796836,0.06305760202427041,1.0,433.5,433.5,433.5,0.0,,,,
400,0.3,h2+3,True,2,2,0,0,2,1.0195202085014898,0.1667151547650364,1.0,100.5,433.5,100.5,1.0,3.0581148904252036,0.29617080911250404,2.848690502912245,3.2675392779381616
400,0.3,h2+3+4,False,2,2,0,0,0,9.296759312477661,7.766165298642855,6.5,718.0,433.5,433.5,0.0,,,,
400,0.3,h2+3+4,True,2,1,0,1,1,1.5519024169771,0.8313457962123848,7.0,73.0,433.5,93.0,0.5,3.137369558098338,,3.137369558098338,3.137369558098338
400,0.5,h2,False,2,2,0,0,0,3.2047938960022293,0.16178482379369868,1.0,433.5,433.5,433.5,0.0,,,,
400,0.5,h2,True,2,2,0,0,2,0.725666395999724,0.10187207917069485,1.0,100.5,433.5,100.5,1.0,3.3649638746243307,0.6290136415496437,2.920184063225733,3.809743686022928
400,0.5,h3,False,2,2,0,0,0,3.404572729486972,0.1702648011595908,1.0,433.5,433.5,433.5,0.0,,,,
400,0.5,h3,True,2,2,0,0,2,0.9718098749581259,0.19390576734499848,1.0,100.5,433.5,100.5,1.0,3.048480806159665,0.341753284411044,2.806824741259841,3.290136871059489
400,0.5,h4,False,2,2,0,0,0,3.00593062498956,0.08150377926409694,1.0,1125.5,433.5,433.5,0.0,,,,
400,0.5,h4,True,2,1,0,1,1,1.2937924375000875,0.6440147367082831,7.0,58.0,433.5,93.0,0.5,3.1969244018412346,,3.1969244018412346,3.1969244018412346
400,0.5,h2+3,False,2,2,0,0,0,3.62911593701574,0.024481834255735666,1.0,433.5,433.5,433.5,0.0,,,,
400,0.5,h2+3,True,2,2,0,0,2,0.9959160004800651,0.17771602799514072,1.0,100.5,433.5,100.5,1.0,3.0496641421991226,0.178493641059247,2.9234500782074515,3.1758782061907938
400,0.5,h2+3+4,False,2,2,0,0,0,9.157539854000788,7.6201091509311585,6.5,718.0,433.5,433.5,0.0,,,,
400,0.5,h2+3+4,True,2,1,0,1,1,1.5166374369873665,0.8560628607965336,7.0,59.0,433.5,93.0,0.5,3.12846611520674,,3.12846611520674,3.12846611520674
500,0.0,h2,False,2,2,0,0,1,14.398633979493752,1.2961121458593907,1.0,748.0,748.0,748.0,0.5,2.2598422986858284,,2.2598422986858284,2.2598422986858284
500,0.0,h2,True,2,2,0,0,0,13.385619354492519,0.4079086004463185,1.0,744.0,748.0,744.0,0.0,,,,
500,0.0,h3,False,2,2,0,0,2,44.093313582998235,0.20879419619950693,1.0,748.0,748.0,748.0,1.0,1.6525019091125235,0.023949533459932573,1.6355670315967512,1.669436786628296
500,0.0,h3,True,2,2,0,0,2,43.9355644165189,0.4615335465078303,1.0,744.0,748.0,744.0,1.0,1.660409678085939,0.009571671584115541,1.6536414842015201,1.6671778719703576
500,0.0,h4,False,2,2,0,0,2,85.04379935449106,6.770813567132163,18.0,330.0,748.0,748.0,1.0,1.5788199799878724,0.01551737175631614,1.5678475411927888,1.5897924187829562
500,0.0,h4,True,2,2,0,0,2,83.14864391699666,11.529997201194451,14.5,397.0,748.0,744.0,1.0,1.6131523927340456,0.001669826249145801,1.6119716472698715,1.61433313819822
500,0.0,h2+3,False,2,2,0,0,2,45.25212762501906,0.24826324629546356,1.0,748.0,748.0,748.0,1.0,1.65036453467303,0.010049860085465729,1.6432582104566213,1.657470858889439
500,0.0,h2+3,True,2,2,0,0,2,44.89519170849235,0.201623719729328,1.0,744.0,748.0,744.0,1.0,1.6596972785495137,0.01542895695750133,1.648787358458229,1.6706071986407982
500,0.0,h2+3+4,False,2,2,0,0,2,91.81189293749048,5.0257751474671695,18.0,331.5,748.0,748.0,1.0,1.587492281204844,0.028635172413326263,1.5672441566109352,1.607740405798753
500,0.0,h2+3+4,True,2,2,0,0,2,88.53005637499155,12.674267742112177,14.5,397.0,748.0,744.0,1.0,1.5900788266444947,0.011230853709361084,1.5821374138280913,1.598020239460898
500,0.1,h2,False,2,2,0,0,0,9.505169667012524,0.30659619705605684,1.0,673.0,673.0,673.0,0.0,,,,
500,0.1,h2,True,2,2,0,0,0,5.759985666489229,0.08318893279799999,1.0,519.0,673.0,519.0,0.0,,,,
500,0.1,h3,False,2,2,0,0,2,21.730868437502068,1.1391796952378783,1.0,673.0,673.0,673.0,1.0,1.9176895904275,0.02352465606606306,1.9010551465981054,1.9343240342568944
500,0.1,h3,True,2,2,0,0,2,20.968164187506773,0.2154990116910291,1.0,519.0,673.0,519.0,1.0,1.8814378698497385,0.059911025752582704,1.8390743772722455,1.9238013624272317
500,0.1,h4,False,2,1,0,1,0,55.155254437500844,0.20955283194060023,16.0,449.0,673.0,673.0,0.0,,,,
500,0.1,h4,True,2,2,0,0,2,38.31115977099398,0.9878579014964467,15.0,267.5,673.0,519.0,1.0,1.8200131580572423,0.0365310637349727,1.7941817951662853,1.8458445209481995
500,0.1,h2+3,False,2,2,0,0,2,22.971897145500407,4.317671639864205,1.0,673.0,673.0,673.0,1.0,1.9406434326730697,0.029926428345013984,1.919482252253617,1.9618046130925224
500,0.1,h2+3,True,2,2,0,0,2,22.02431458348292,0.2992510072461849,1.0,519.0,673.0,519.0,1.0,1.8606903711541918,0.002932357067344695,1.8586168815870119,1.8627638607213715
500,0.1,h2+3+4,False,2,1,0,1,0,58.348293104500044,1.6965149556414731,16.0,449.0,673.0,673.0,0.0,,,,
500,0.1,h2+3+4,True,2,2,0,0,2,41.1901990835031,0.09346549247431422,15.0,267.5,673.0,519.0,1.0,1.8279567195365432,0.06768406172801632,1.780096860510414,1.8758165785626724
500,0.3,h2,False,2,2,0,0,0,4.838963833492016,0.01681028497539023,1.0,536.5,536.5,536.5,0.0,,,,
500,0.3,h2,True,2,2,0,0,1,0.7575278129952494,0.17012231982809173,1.0,109.5,536.5,109.5,0.5,3.0893926552325786,,3.0893926552325786,3.0893926552325786
500,0.3,h3,False,2,2,0,0,0,5.044849104509922,0.22289593832149138,1.0,536.5,536.5,536.5,0.0,,,,
500,0.3,h3,True,2,2,0,0,2,1.1633772920176852,0.03975595867565783,1.0,109.5,536.5,109.5,1.0,2.982239722605562,0.014001495541247258,2.972339170161593,2.992140275049531
500,0.3,h4,False,2,2,0,0,0,3.9593249164754525,0.22343631496120972,1.0,1382.0,536.5,536.5,0.0,,,,
500,0.3,h4,True,2,2,0,0,2,2.0727564165135846,0.2008483191737408,4.5,104.5,536.5,109.5,1.0,3.3681392351806494,0.009078022441341566,3.3617201039526132,3.374558366408686
500,0.3,h2+3,False,2,2,0,0,0,5.539505624998128,0.09346637558249943,1.0,536.5,536.5,536.5,0.0,,,,
500,0.3,h2+3,True,2,2,0,0,2,1.2105196670454461,0.006254005926291347,1.0,109.5,536.5,109.5,1.0,2.9505843772957006,0.029109942613775013,2.930000539473549,2.9711682151178525
500,0.3,h2+3+4,False,2,2,0,0,0,5.081120999966515,0.2330979866090186,1.0,1382.0,536.5,536.5,0.0,,,,
500,0.3,h2+3+4,True,2,2,0,0,1,2.4058023749967106,0.4630221229832163,4.5,105.0,536.5,109.5,0.5,2.9039961708411965,,2.9039961708411965,2.9039961708411965
500,0.5,h2,False,2,2,0,0,0,4.946634853986325,0.0543078924011704,1.0,536.5,536.5,536.5,0.0,,,,
500,0.5,h2,True,2,2,0,0,2,0.8680714170041028,0.028159643742460508,1.0,109.5,536.5,109.5,1.0,3.3287826826440443,0.19264806028634196,3.192559932833137,3.4650054324549515
500,0.5,h3,False,2,2,0,0,0,5.146367166482378,0.1512413603499974,1.0,536.5,536.5,536.5,0.0,,,,
500,0.5,h3,True,2,2,0,0,2,1.2033421459782403,0.14067468119559717,1.0,109.5,536.5,109.5,1.0,2.8742120676248253,0.08230426022076441,2.8160141671021806,2.93240996814747
500,0.5,h4,False,2,2,0,0,0,3.899777458020253,0.12449357347092357,1.0,1382.0,536.5,536.5,0.0,,,,
500,0.5,h4,True,2,2,0,0,2,2.0172725625161547,0.1556259230542528,4.0,107.5,536.5,109.5,1.0,3.2924228469944112,0.21257762977620892,3.1421077634510906,3.442737930537732
500,0.5,h2+3,False,2,2,0,0,0,5.29725502099609,0.16545700609992087,1.0,536.5,536.5,536.5,0.0,,,,
500,0.5,h2+3,True,2,2,0,0,2,1.2304005415353458,0.10540522659694145,1.0,109.5,536.5,109.5,1.0,3.0480519347705517,0.09040105906254133,2.984128732880983,3.1119751366601203
500,0.5,h2+3+4,False,2,2,0,0,0,4.899210834002588,0.10022761323299106,1.0,1382.0,536.5,536.5,0.0,,,,
500,0.5,h2+3+4,True,2,2,0,0,2,2.4848440829955507,0.23034993347235766,4.0,108.0,536.5,109.5,1.0,3.513209982983117,0.31614424486381465,3.2896622436068133,3.7367577223594206
