vertices,remove_ratio_target,hop_key,use_reduction,k,best_mean,best_std,sc_frac,n_graphs
100,0.0,h2,False,1,1.31175962000962,0.010458353201260292,1.0,10
100,0.0,h2,False,2,1.3094540003206665,0.008902032786961042,1.0,10
100,0.0,h2,False,3,1.3073777617444287,0.0077789716059642935,1.0,10
100,0.0,h2,False,4,1.3037746031746038,0.008177179856023578,1.0,10
100,0.0,h2,False,5,1.3037746031746038,0.008177179856023578,1.0,10
100,0.0,h2,True,1,1.31175962000962,0.010458353201260292,1.0,10
100,0.0,h2,True,2,1.3094540003206665,0.008902032786961042,1.0,10
100,0.0,h2,True,3,1.3073777617444287,0.0077789716059642935,1.0,10
100,0.0,h2,True,4,1.3037746031746038,0.008177179856023578,1.0,10
100,0.0,h2,True,5,1.3037746031746038,0.008177179856023578,1.0,10
100,0.0,h2+3,False,1,1.32844663700497,0.008005294913469355,1.0,10
100,0.0,h2+3,False,2,1.3249969256052587,0.006699589771262533,1.0,10
100,0.0,h2+3,False,3,1.324212862754529,0.006725174196389797,1.0,10
100,0.0,h2+3,False,4,1.3219372214205543,0.005922432085160486,1.0,10
100,0.0,h2+3,False,5,1.3216124979958301,0.005796224012335219,1.0,10
100,0.0,h2+3,True,1,1.32844663700497,0.008005294913469355,1.0,10
100,0.0,h2+3,True,2,1.3249969256052587,0.006699589771262533,1.0,10
100,0.0,h2+3,True,3,1.324212862754529,0.006725174196389797,1.0,10
100,0.0,h2+3,True,4,1.3219372214205543,0.005922432085160486,1.0,10
100,0.0,h2+3,True,5,1.3216124979958301,0.005796224012335219,1.0,10
100,0.0,h2+3+4,False,1,1.343248645181978,0.006273660193960283,1.0,10
100,0.0,h2+3+4,False,2,1.3368005972422625,0.007947314063860544,1.0,10
100,0.0,h2+3+4,False,3,1.3343497033830345,0.007004228693132348,1.0,10
100,0.0,h2+3+4,False,4,1.333473985890651,0.0067125772364085914,1.0,10
100,0.0,h2+3+4,False,5,1.3308955587622244,0.004801297304869117,1.0,10
100,0.0,h2+3+4,True,1,1.343248645181978,0.006273660193960283,1.0,10
100,0.0,h2+3+4,True,2,1.3368005972422625,0.007947314063860544,1.0,10
100,0.0,h2+3+4,True,3,1.3343497033830345,0.007004228693132348,1.0,10
100,0.0,h2+3+4,True,4,1.333473985890651,0.0067125772364085914,1.0,10
100,0.0,h2+3+4,True,5,1.3308955587622244,0.004801297304869117,1.0,10
100,0.0,h3,False,1,1.3309867925284578,0.013794345740055534,1.0,10
100,0.0,h3,False,2,1.3254530904280888,0.011481009293005247,1.0,10
100,0.0,h3,False,3,1.3225499278499264,0.008909752982703535,1.0,10
100,0.0,h3,False,4,1.3211664662497982,0.007086761869710407,1.0,10
100,0.0,h3,False,5,1.3211664662497982,0.007086761869710407,1.0,10
100,0.0,h3,True,1,1.3309867925284578,0.013794345740055534,1.0,10
100,0.0,h3,True,2,1.3254530904280888,0.011481009293005247,1.0,10
100,0.0,h3,True,3,1.3225499278499264,0.008909752982703535,1.0,10
100,0.0,h3,True,4,1.3211664662497982,0.007086761869710407,1.0,10
100,0.0,h3,True,5,1.3211664662497982,0.007086761869710407,1.0,10
100,0.0,h4,False,1,1.338953928170595,0.004350396533045144,1.0,10
100,0.0,h4,False,2,1.3361116802950135,0.006186068756263467,1.0,10
100,0.0,h4,False,3,1.3337985890652555,0.006949573231724251,1.0,10
100,0.0,h4,False,4,1.3326935465768792,0.006439747250289257,1.0,10
100,0.0,h4,False,5,1.3309429693763017,0.005276458257235048,1.0,10
100,0.0,h4,True,1,1.338953928170595,0.004350396533045144,1.0,10
100,0.0,h4,True,2,1.3361116802950135,0.006186068756263467,1.0,10
100,0.0,h4,True,3,1.3337985890652555,0.006949573231724251,1.0,10
100,0.0,h4,True,4,1.3326935465768792,0.006439747250289257,1.0,10
100,0.0,h4,True,5,1.3309429693763017,0.005276458257235048,1.0,10
100,0.1,h2,False,1,1.3437341590508227,0.01256969823061913,1.0,10
100,0.1,h2,False,2,1.3394704866121496,0.008919070242457418,1.0,10
100,0.1,h2,False,3,1.3392330046496677,0.008805266431564058,1.0,10
100,0.1,h2,False,4,1.3389279020362321,0.008003215492768867,1.0,10
100,0.1,h2,False,5,1.338083882475546,0.008309957085451831,1.0,10
100,0.1,h2,True,1,1.3489726390893024,0.008159703632831104,1.0,10
100,0.1,h2,True,2,1.3456494348244328,0.009524181725682304,1.0,10
100,0.1,h2,True,3,1.3449301306717951,0.010301140701044821,1.0,10
100,0.1,h2,True,4,1.3426521805355114,0.009747919844460046,1.0,10
100,0.1,h2,True,5,1.3396764710598017,0.009205996997223588,1.0,10
100,0.1,h2+3,False,1,1.3651026254609557,0.010737356250958875,1.0,10
100,0.1,h2+3,False,2,1.360638492063488,0.008431905402499872,1.0,10
100,0.1,h2+3,False,3,1.3596777577360872,0.007731868719208975,1.0,10
100,0.1,h2+3,False,4,1.3573383998717294,0.006861340757057706,1.0,10
100,0.1,h2+3,False,5,1.354883770242099,0.008991132436388763,1.0,10
100,0.1,h2+3,True,1,1.3609391734808367,0.011097397561265952,1.0,10
100,0.1,h2+3,True,2,1.3564278058361363,0.010362769565701391,1.0,10
100,0.1,h2+3,True,3,1.3554333854417153,0.009241589252065563,1.0,10
100,0.1,h2+3,True,4,1.3553133237133204,0.009205051201959514,1.0,10
100,0.1,h2+3,True,5,1.353124418791083,0.008506566888186379,1.0,10
100,0.1,h2+3+4,False,1,1.377416125541124,0.014041454508857087,1.0,10
100,0.1,h2+3+4,False,2,1.3658819464486096,0.0039277032889274924,1.0,10
100,0.1,h2+3+4,False,3,1.3649549703383013,0.004819817814975064,1.0,10
100,0.1,h2+3+4,False,4,1.3632656365239668,0.005196165203219299,1.0,10
100,0.1,h2+3+4,False,5,1.3613952661535964,0.006292401674489314,1.0,10
100,0.1,h2+3+4,True,1,1.3692828763828746,0.011115664816609864,1.0,10
100,0.1,h2+3+4,True,2,1.363208465608464,0.006101488360328251,1.0,10
100,0.1,h2+3+4,True,3,1.3616262546095865,0.006187772296900668,1.0,10
100,0.1,h2+3+4,True,4,1.360371556838222,0.006181466832472206,1.0,10
100,0.1,h2+3+4,True,5,1.3602960357543672,0.0061345320419816,1.0,10
100,0.1,h3,False,1,1.3668336059002697,0.012415450294752037,1.0,10
100,0.1,h3,False,2,1.358778419111749,0.005124455368849608,1.0,10
100,0.1,h3,False,3,1.3581025613275572,0.005785045492984813,1.0,10
100,0.1,h3,False,4,1.3556509740259701,0.007052803428353012,1.0,10
100,0.1,h3,False,5,1.3528481842231799,0.009083402051060188,1.0,10
100,0.1,h3,True,1,1.367465099406763,0.012405684181351209,1.0,10
100,0.1,h3,True,2,1.3589048180214813,0.010087020157826514,1.0,10
100,0.1,h3,True,3,1.3578931016514322,0.009045751654760983,1.0,10
100,0.1,h3,True,4,1.3562889850889823,0.006961668189194507,1.0,10
100,0.1,h3,True,5,1.3529852453102422,0.007626547355982261,1.0,10
100,0.1,h4,False,1,1.376184575917907,0.008936727165676318,1.0,10
100,0.1,h4,False,2,1.3650520442520413,0.005289258701740339,1.0,10
100,0.1,h4,False,3,1.3642272166105478,0.005294997463257045,1.0,10
100,0.1,h4,False,4,1.3628356020522658,0.005560568720656672,1.0,10
100,0.1,h4,False,5,1.360923881673879,0.005976535072067171,1.0,10
100,0.1,h4,True,1,1.3683186628186605,0.008190770268253511,1.0,10
100,0.1,h4,True,2,1.3635723144139784,0.0065713654610200746,1.0,10
100,0.1,h4,True,3,1.362885133076798,0.006320413972399955,1.0,10
100,0.1,h4,True,4,1.3612845117845098,0.0054264965724580795,1.0,10
100,0.1,h4,True,5,1.361201362834694,0.005558250201759958,1.0,10
100,0.3,h2,False,1,1.4747364317780998,0.024798934839169843,1.0,10
100,0.3,h2,False,2,1.4692950431442877,0.02387347518716778,1.0,10
100,0.3,h2,False,3,1.4661566119346436,0.023390193071634313,1.0,10
100,0.3,h2,False,4,1.464334968370575,0.024683577029192386,1.0,10
100,0.3,h2,False,5,1.4638856691008213,0.02490540336891618,1.0,10
100,0.3,h2,True,1,1.4926091634235599,0.023836005570188442,1.0,10
100,0.3,h2,True,2,1.4813474718323225,0.0258939650637047,1.0,10
100,0.3,h2,True,3,1.4751508074977786,0.020698002458078915,1.0,10
100,0.3,h2,True,4,1.4720917971198282,0.022667089937826762,1.0,10
100,0.3,h2,True,5,1.470195196918683,0.02229513689611438,1.0,10
100,0.3,h2+3,False,1,1.482030184237762,0.024853958749840165,1.0,10
100,0.3,h2+3,False,2,1.4753738583526483,0.030904983479713894,1.0,10
100,0.3,h2+3,False,3,1.4692817740901096,0.03008686241767274,1.0,10
100,0.3,h2+3,False,4,1.4646414309035545,0.026466877600079545,1.0,10
100,0.3,h2+3,False,5,1.4609383288148456,0.025346248981857066,1.0,10
100,0.3,h2+3,True,1,1.493040668955065,0.028439579719032007,1.0,10
100,0.3,h2+3,True,2,1.4764725115513009,0.027268829994920554,1.0,10
100,0.3,h2+3,True,3,1.4700934678677118,0.021650854890486175,1.0,10
100,0.3,h2+3,True,4,1.4700934678677118,0.021650854890486175,1.0,10
100,0.3,h2+3,True,5,1.4700934678677118,0.021650854890486175,1.0,10
100,0.3,h2+3+4,False,1,1.4834839870567176,0.030783893093586135,1.0,10
100,0.3,h2+3+4,False,2,1.4803629352689986,0.028413426898975462,1.0,10
100,0.3,h2+3+4,False,3,1.47546511981285,0.02708234087854674,1.0,10
100,0.3,h2+3+4,False,4,1.4730196608946642,0.025966684258279672,1.0,10
100,0.3,h2+3+4,False,5,1.4710812245835005,0.02553393787785181,1.0,10
100,0.3,h2+3+4,True,1,1.4913076686781281,0.032384389407893344,1.0,10
100,0.3,h2+3+4,True,2,1.48618328778405,0.028533163908583018,1.0,10
100,0.3,h2+3+4,True,3,1.4799919534449877,0.021833517663152602,1.0,10
100,0.3,h2+3+4,True,4,1.4781873544244797,0.020530914958989465,1.0,10
100,0.3,h2+3+4,True,5,1.4754617068958016,0.02337085174201394,1.0,10
100,0.3,h3,False,1,1.4830490059323413,0.03465668313928586,1.0,10
100,0.3,h3,False,2,1.4800727090530146,0.031068848306904664,1.0,10
100,0.3,h3,False,3,1.4740081463990569,0.027126701969529012,1.0,10
100,0.3,h3,False,4,1.472228550293703,0.02789316417095975,1.0,10
100,0.3,h3,False,5,1.4681050785634124,0.02999813238856038,1.0,10
100,0.3,h3,True,1,1.4847881950821369,0.020336502262507918,1.0,10
100,0.3,h3,True,2,1.4764679959770888,0.022500918177673385,1.0,10
100,0.3,h3,True,3,1.471828338216218,0.01940672729315019,1.0,10
100,0.3,h3,True,4,1.471828338216218,0.01940672729315019,1.0,10
100,0.3,h3,True,5,1.4712493510137463,0.02014117015596099,1.0,10
100,0.3,h4,False,1,1.479721712798988,0.026325427952754818,1.0,10
100,0.3,h4,False,2,1.476799949349194,0.02909662112741224,1.0,10
100,0.3,h4,False,3,1.4726422059702386,0.02696170586484322,1.0,10
100,0.3,h4,False,4,1.4686191547509753,0.02596962040654595,1.0,10
100,0.3,h4,False,5,1.4666498979695972,0.026625135170989227,1.0,10
100,0.3,h4,True,1,1.4933917635955565,0.033659242674038026,1.0,10
100,0.3,h4,True,2,1.4852250262363942,0.029456440709736152,1.0,10
100,0.3,h4,True,3,1.4818275693442406,0.02339168092672021,1.0,10
100,0.3,h4,True,4,1.4796059589400539,0.025009399644214864,1.0,10
100,0.3,h4,True,5,1.478190832203714,0.024515318556008116,1.0,10
100,0.5,h2,False,1,1.915317423331445,0.1011274049495185,1.0,10
100,0.5,h2,False,2,1.8983097084032738,0.09847356967838074,1.0,10
100,0.5,h2,False,3,1.897662664790321,0.09765360461963207,1.0,10
100,0.5,h2,False,4,1.8844216724913747,0.10013726329914242,1.0,10
100,0.5,h2,False,5,1.880022531480871,0.09289340430835603,1.0,10
100,0.5,h2,True,1,1.918104803235492,0.0916485093560364,1.0,10
100,0.5,h2,True,2,1.8907700392480766,0.11014275228464117,1.0,10
100,0.5,h2,True,3,1.8886542071705008,0.11056403048424264,1.0,10
100,0.5,h2,True,4,1.8685143609056536,0.08782177027558234,1.0,10
100,0.5,h2,True,5,1.8612288929925356,0.09265311443072835,1.0,10
100,0.5,h2+3,False,1,1.8746641990585218,0.1040846927803853,1.0,10
100,0.5,h2+3,False,2,1.8578768321325208,0.1018650418234674,1.0,10
100,0.5,h2+3,False,3,1.8548812636437682,0.10045516927554517,1.0,10
100,0.5,h2+3,False,4,1.8455495635957813,0.10476016387425219,1.0,10
100,0.5,h2+3,False,5,1.843227799192956,0.10654588444244678,1.0,10
100,0.5,h2+3,True,1,1.9909677211677301,0.10275212533153023,1.0,10
100,0.5,h2+3,True,2,1.9656922871320675,0.08817063411074112,1.0,10
100,0.5,h2+3,True,3,1.953325433390972,0.09290181229901337,1.0,10
100,0.5,h2+3,True,4,1.9444329990996736,0.09917942459742207,1.0,10
100,0.5,h2+3,True,5,1.927625504307708,0.09658103445555187,1.0,10
100,0.5,h2+3+4,False,1,1.9169032537928696,0.13043085196836957,0.7,10
100,0.5,h2+3+4,False,2,1.892194816599651,0.09766891609383374,0.8,10
100,0.5,h2+3+4,False,3,1.8965082333335757,0.10692201140906127,0.9,10
100,0.5,h2+3+4,False,4,1.8805224869593629,0.10620491393756541,0.9,10
100,0.5,h2+3+4,False,5,1.9180882069109408,0.2221354235130866,1.0,10
100,0.5,h2+3+4,True,1,1.9515582155779192,0.1475591842645116,1.0,10
100,0.5,h2+3+4,True,2,1.917111591438869,0.1257228489603631,1.0,10
100,0.5,h2+3+4,True,3,1.9106508890240022,0.1272406359438283,1.0,10
100,0.5,h2+3+4,True,4,1.9026082176942105,0.1267964309836712,1.0,10
100,0.5,h2+3+4,True,5,1.9020477113094618,0.12564458778134674,1.0,10
100,0.5,h3,False,1,1.8631304534130328,0.10136616282906963,1.0,10
100,0.5,h3,False,2,1.8555391929619245,0.10315793623424542,1.0,10
100,0.5,h3,False,3,1.8500294849650973,0.10214455392764288,1.0,10
100,0.5,h3,False,4,1.8479013248956495,0.10028128141758617,1.0,10
100,0.5,h3,False,5,1.834666299231077,0.10565107652974437,1.0,10
100,0.5,h3,True,1,1.9872982914111792,0.09659814360284279,1.0,10
100,0.5,h3,True,2,1.9643620444790961,0.0944559512281447,1.0,10
100,0.5,h3,True,3,1.9452288183898117,0.0951804550015596,1.0,10
100,0.5,h3,True,4,1.9380179231683112,0.102941443300776,1.0,10
100,0.5,h3,True,5,1.936783238464687,0.10437073547236402,1.0,10
100,0.5,h4,False,1,1.9357411791876826,0.12547507808040428,0.8,10
100,0.5,h4,False,2,1.9294871483423723,0.12897787534841565,0.9,10
100,0.5,h4,False,3,1.8923190736810322,0.138220110347529,0.9,10
100,0.5,h4,False,4,1.8861723008722224,0.13887650722830117,0.9,10
100,0.5,h4,False,5,1.8821140300184966,0.1419647692010337,0.9,10
100,0.5,h4,True,1,1.948638870192663,0.14922446935281897,1.0,10
100,0.5,h4,True,2,1.9274139198904408,0.1390397536285776,1.0,10
100,0.5,h4,True,3,1.9102725035626598,0.12659470421356922,1.0,10
100,0.5,h4,True,4,1.9089424211310628,0.12602216627323487,1.0,10
100,0.5,h4,True,5,1.906526660432726,0.12399768945773434,1.0,10
200,0.0,h2,False,1,1.2966394699870079,0.006698673854934334,1.0,10
200,0.0,h2,False,2,1.2951714074521095,0.006105018451849894,1.0,10
200,0.0,h2,False,3,1.2949076236158996,0.005634792291098896,1.0,10
200,0.0,h2,False,4,1.2937246413343608,0.006431964868666534,1.0,10
200,0.0,h2,False,5,1.2926600207929766,0.007000241836756842,1.0,10
200,0.0,h2,True,1,1.2966394699870079,0.006698673854934334,1.0,10
200,0.0,h2,True,2,1.2951714074521095,0.006105018451849894,1.0,10
200,0.0,h2,True,3,1.2949076236158996,0.005634792291098896,1.0,10
200,0.0,h2,True,4,1.2937246413343608,0.006431964868666534,1.0,10
200,0.0,h2,True,5,1.2926600207929766,0.007000241836756842,1.0,10
200,0.0,h2+3,False,1,1.3180983964737158,0.005751393309220781,1.0,10
200,0.0,h2+3,False,2,1.316704426624467,0.004865280366558098,1.0,10
200,0.0,h2+3,False,3,1.3138427008781275,0.00539025820567064,1.0,10
200,0.0,h2+3,False,4,1.3138427008781275,0.00539025820567064,1.0,10
200,0.0,h2+3,False,5,1.312958052981357,0.004802015708686357,1.0,10
200,0.0,h2+3,True,1,1.3180983964737158,0.005751393309220781,1.0,10
200,0.0,h2+3,True,2,1.316704426624467,0.004865280366558098,1.0,10
200,0.0,h2+3,True,3,1.3138427008781275,0.00539025820567064,1.0,10
200,0.0,h2+3,True,4,1.3138427008781275,0.00539025820567064,1.0,10
200,0.0,h2+3,True,5,1.312958052981357,0.004802015708686357,1.0,10
200,0.0,h2+3+4,False,1,1.3311773542133767,0.006592278679793497,1.0,10
200,0.0,h2+3+4,False,2,1.3287449691640305,0.006454647339301869,1.0,10
200,0.0,h2+3+4,False,3,1.3275870126244755,0.006968706156537874,1.0,10
200,0.0,h2+3+4,False,4,1.3264649211969133,0.006230951933455897,1.0,10
200,0.0,h2+3+4,False,5,1.3264649211969133,0.006230951933455897,1.0,10
200,0.0,h2+3+4,True,1,1.3311773542133767,0.006592278679793497,1.0,10
200,0.0,h2+3+4,True,2,1.3287449691640305,0.006454647339301869,1.0,10
200,0.0,h2+3+4,True,3,1.3275870126244755,0.006968706156537874,1.0,10
200,0.0,h2+3+4,True,4,1.3264649211969133,0.006230951933455897,1.0,10
200,0.0,h2+3+4,True,5,1.3264649211969133,0.006230951933455897,1.0,10
200,0.0,h3,False,1,1.3191223550109872,0.006013558456340604,1.0,10
200,0.0,h3,False,2,1.3164102694206967,0.005166005365177576,1.0,10
200,0.0,h3,False,3,1.3132402638190914,0.004684562983797523,1.0,10
200,0.0,h3,False,4,1.3132402638190914,0.004684562983797523,1.0,10
200,0.0,h3,False,5,1.31264691794107,0.003971822885011497,1.0,10
200,0.0,h3,True,1,1.3191223550109872,0.006013558456340604,1.0,10
200,0.0,h3,True,2,1.3164102694206967,0.005166005365177576,1.0,10
200,0.0,h3,True,3,1.3132402638190914,0.004684562983797523,1.0,10
200,0.0,h3,True,4,1.3132402638190914,0.004684562983797523,1.0,10
200,0.0,h3,True,5,1.31264691794107,0.003971822885011497,1.0,10
200,0.0,h4,False,1,1.3301640787813769,0.005919821084804973,1.0,10
200,0.0,h4,False,2,1.3271486935942602,0.005020084126769009,1.0,10
200,0.0,h4,False,3,1.325933588033989,0.00564473758192997,1.0,10
200,0.0,h4,False,4,1.325036142472848,0.005358650059368242,1.0,10
200,0.0,h4,False,5,1.3239470142922607,0.005356847141602011,1.0,10
200,0.0,h4,True,1,1.3301640787813769,0.005919821084804973,1.0,10
200,0.0,h4,True,2,1.3271486935942602,0.005020084126769009,1.0,10
200,0.0,h4,True,3,1.325933588033989,0.00564473758192997,1.0,10
200,0.0,h4,True,4,1.325036142472848,0.005358650059368242,1.0,10
200,0.0,h4,True,5,1.3239470142922607,0.005356847141602011,1.0,10
200,0.1,h2,False,1,1.3334356989674014,0.011985553958241187,1.0,10
200,0.1,h2,False,2,1.331374448178829,0.011752365381359849,1.0,10
200,0.1,h2,False,3,1.3296725713705393,0.010623884511883713,1.0,10
200,0.1,h2,False,4,1.3283217900468896,0.01091977448965681,1.0,10
200,0.1,h2,False,5,1.3273716259870556,0.011636133864579406,1.0,10
200,0.1,h2,True,1,1.3365477957971517,0.012095081023603776,1.0,10
200,0.1,h2,True,2,1.3304435982219702,0.01161691970299856,1.0,10
200,0.1,h2,True,3,1.3295011671814851,0.011067137521350382,1.0,10
200,0.1,h2,True,4,1.3264973695134865,0.011873383014494856,1.0,10
200,0.1,h2,True,5,1.3251262267324826,0.012294255919194889,1.0,10
200,0.1,h2+3,False,1,1.3440509709441781,0.0078053053661554985,1.0,10
200,0.1,h2+3,False,2,1.339947041575112,0.005716965776357473,1.0,10
200,0.1,h2+3,False,3,1.3397556400327673,0.005518568679419763,1.0,10
200,0.1,h2+3,False,4,1.3388891165785535,0.00441830701443422,1.0,10
200,0.1,h2+3,False,5,1.3388891165785535,0.00441830701443422,1.0,10
200,0.1,h2+3,True,1,1.3507179778763896,0.00982794531543963,1.0,10
200,0.1,h2+3,True,2,1.3472089067269946,0.00839306734419808,1.0,10
200,0.1,h2+3,True,3,1.3472089067269946,0.00839306734419808,1.0,10
200,0.1,h2+3,True,4,1.3447372235455775,0.006317105038907548,1.0,10
200,0.1,h2+3,True,5,1.343577782672377,0.006720749287951342,1.0,10
200,0.1,h2+3+4,False,1,1.3581845543554807,0.01270669039786581,1.0,10
200,0.1,h2+3+4,False,2,1.3532378488764274,0.011087985578381962,1.0,10
200,0.1,h2+3+4,False,3,1.348223098537432,0.010563908715295821,1.0,10
200,0.1,h2+3+4,False,4,1.3475485189294347,0.010140233895988967,1.0,10
200,0.1,h2+3+4,False,5,1.346493813493884,0.00886102367877249,1.0,10
200,0.1,h2+3+4,True,1,1.3614674100118378,0.00898547428021873,1.0,10
200,0.1,h2+3+4,True,2,1.3520908185407687,0.0053452054882145335,1.0,10
200,0.1,h2+3+4,True,3,1.3512893717324126,0.006016417250824285,1.0,10
200,0.1,h2+3+4,True,4,1.3466242937269466,0.008207666402315029,1.0,10
200,0.1,h2+3+4,True,5,1.3458766846498134,0.008257035200208504,1.0,10
200,0.1,h3,False,1,1.3467961359829386,0.007691173622491106,1.0,10
200,0.1,h3,False,2,1.3416276048351357,0.005115543766009481,1.0,10
200,0.1,h3,False,3,1.3408504270994144,0.005852569307678545,1.0,10
200,0.1,h3,False,4,1.3399022720021367,0.005459892204599625,1.0,10
200,0.1,h3,False,5,1.3398250441420578,0.005291340851459472,1.0,10
200,0.1,h3,True,1,1.3533693871594623,0.009240585496856331,1.0,10
200,0.1,h3,True,2,1.3490248424662954,0.0077787519218718015,1.0,10
200,0.1,h3,True,3,1.3490248424662954,0.0077787519218718015,1.0,10
200,0.1,h3,True,4,1.3468523706193283,0.005664900375963995,1.0,10
200,0.1,h3,True,5,1.3451628467916756,0.004196106725720846,1.0,10
200,0.1,h4,False,1,1.3580905702756292,0.012175822432233745,1.0,10
200,0.1,h4,False,2,1.352034457551113,0.008044280942278376,1.0,10
200,0.1,h4,False,3,1.3478534055559277,0.009074582887140758,1.0,10
200,0.1,h4,False,4,1.3469220645072526,0.008736305817184131,1.0,10
200,0.1,h4,False,5,1.3465199523954656,0.00826162897491344,1.0,10
200,0.1,h4,True,1,1.3587313716852834,0.008170796700783377,1.0,10
200,0.1,h4,True,2,1.352560502458193,0.008245260787465099,1.0,10
200,0.1,h4,True,3,1.350894422237466,0.006922227086559576,1.0,10
200,0.1,h4,True,4,1.3486946999608609,0.007817115919076944,1.0,10
200,0.1,h4,True,5,1.3486946999608609,0.007817115919076944,1.0,10
200,0.3,h2,False,1,1.4655649638120098,0.011195994021384022,1.0,10
200,0.3,h2,False,2,1.4627943139007775,0.009862673841965737,1.0,10
200,0.3,h2,False,3,1.4589370688356795,0.011228177820554111,1.0,10
200,0.3,h2,False,4,1.4589370688356795,0.011228177820554111,1.0,10
200,0.3,h2,False,5,1.4560288490682876,0.014453369560495921,1.0,10
200,0.3,h2,True,1,1.4769254165571952,0.01403296066427065,1.0,10
200,0.3,h2,True,2,1.4701499221116587,0.010483188124086775,1.0,10
200,0.3,h2,True,3,1.467567194823593,0.009274299971175922,1.0,10
200,0.3,h2,True,4,1.4655156682164745,0.00739342516714514,1.0,10
200,0.3,h2,True,5,1.4608678750966964,0.01212528093176086,1.0,10
200,0.3,h2+3,False,1,1.4596859669852802,0.02109513261148391,1.0,10
200,0.3,h2+3,False,2,1.4502780606607313,0.017585725997709363,1.0,10
200,0.3,h2+3,False,3,1.44623732893294,0.019439875414552412,1.0,10
200,0.3,h2+3,False,4,1.444976242357593,0.017341004996952677,1.0,10
200,0.3,h2+3,False,5,1.442691030117293,0.01650773536208293,1.0,10
200,0.3,h2+3,True,1,1.4604191032794662,0.01624878951512607,1.0,10
200,0.3,h2+3,True,2,1.4528656766600216,0.014627513753238007,1.0,10
200,0.3,h2+3,True,3,1.4512063420108623,0.014795400205631757,1.0,10
200,0.3,h2+3,True,4,1.4512063420108623,0.014795400205631757,1.0,10
200,0.3,h2+3,True,5,1.4507362854970243,0.015094405420064764,1.0,10
200,0.3,h2+3+4,False,1,1.4616747638458873,0.021135168492926355,1.0,10
200,0.3,h2+3+4,False,2,1.45492147302727,0.018876448701604424,1.0,10
200,0.3,h2+3+4,False,3,1.4486444260234643,0.014213537988645908,1.0,10
200,0.3,h2+3+4,False,4,1.4460735179114763,0.008642771049851922,1.0,10
200,0.3,h2+3+4,False,5,1.445802913069639,0.008722828848120668,1.0,10
200,0.3,h2+3+4,True,1,1.4663203027569973,0.016085009929440553,1.0,10
200,0.3,h2+3+4,True,2,1.4579904041938077,0.014592465474012299,1.0,10
200,0.3,h2+3+4,True,3,1.4550780338659233,0.014629293937202359,1.0,10
200,0.3,h2+3+4,True,4,1.453004581418035,0.013717253511926009,1.0,10
200,0.3,h2+3+4,True,5,1.453004581418035,0.013717253511926009,1.0,10
200,0.3,h3,False,1,1.460588727757449,0.013439527131329317,1.0,10
200,0.3,h3,False,2,1.4536572021432004,0.01524940213633664,1.0,10
200,0.3,h3,False,3,1.451087895117174,0.016967711837037786,1.0,10
200,0.3,h3,False,4,1.4480679602014424,0.0135623203982859,1.0,10
200,0.3,h3,False,5,1.4472202127158156,0.013266280904066022,1.0,10
200,0.3,h3,True,1,1.464057043375387,0.01588156362664396,1.0,10
200,0.3,h3,True,2,1.4555269582246364,0.01585142585664724,1.0,10
200,0.3,h3,True,3,1.4536283686511713,0.016391937392906692,1.0,10
200,0.3,h3,True,4,1.4536283686511713,0.016391937392906692,1.0,10
200,0.3,h3,True,5,1.4508007114884018,0.01792854521996513,1.0,10
200,0.3,h4,False,1,1.46053585251294,0.014807396177061019,1.0,10
200,0.3,h4,False,2,1.457321779121226,0.015660265241082674,1.0,10
200,0.3,h4,False,3,1.449910112214712,0.013260097877721274,1.0,10
200,0.3,h4,False,4,1.448747804303474,0.011028219805587153,1.0,10
200,0.3,h4,False,5,1.4484641742121807,0.010946483169269484,1.0,10
200,0.3,h4,True,1,1.466003516123754,0.02097926347572103,1.0,10
200,0.3,h4,True,2,1.457902640171123,0.015101031667260508,1.0,10
200,0.3,h4,True,3,1.4549461955618532,0.015252194426843635,1.0,10
200,0.3,h4,True,4,1.452599507681055,0.016566206705144436,1.0,10
200,0.3,h4,True,5,1.4524806935526935,0.016261071907793866,1.0,10
200,0.5,h2,False,1,1.8832608364385248,0.11851537919892614,1.0,10
200,0.5,h2,False,2,1.8569351828690466,0.07985248918987234,1.0,10
200,0.5,h2,False,3,1.8281253456443607,0.060490289722233484,1.0,10
200,0.5,h2,False,4,1.8263883893451542,0.06157600875976761,1.0,10
200,0.5,h2,False,5,1.8214861151009856,0.06180972073226378,1.0,10
200,0.5,h2,True,1,1.9183265811788046,0.10373097364025868,1.0,10
200,0.5,h2,True,2,1.8748437625811214,0.06937134330682711,1.0,10
200,0.5,h2,True,3,1.8473980969583716,0.05864674388314192,1.0,10
200,0.5,h2,True,4,1.8429100519283037,0.05332370938125272,1.0,10
200,0.5,h2,True,5,1.8357808149744053,0.05119368575727336,1.0,10
200,0.5,h2+3,False,1,1.7610229771404604,0.04635379231084229,1.0,10
200,0.5,h2+3,False,2,1.7555494785743193,0.046104319959775646,1.0,10
200,0.5,h2+3,False,3,1.7498341118239629,0.04080892170341183,1.0,10
200,0.5,h2+3,False,4,1.7486516364047646,0.03905359128944767,1.0,10
200,0.5,h2+3,False,5,1.7462612588633024,0.040008354921032545,1.0,10
200,0.5,h2+3,True,1,1.8409266660120611,0.05812895524490432,1.0,10
200,0.5,h2+3,True,2,1.8186671513802828,0.06383793195328272,1.0,10
200,0.5,h2+3,True,3,1.8157335035018516,0.06287398525408329,1.0,10
200,0.5,h2+3,True,4,1.8142894104080731,0.06405391919402244,1.0,10
200,0.5,h2+3,True,5,1.8142894104080731,0.06405391919402244,1.0,10
200,0.5,h2+3+4,False,1,1.8161183418509552,0.0616555307037094,0.8,10
200,0.5,h2+3+4,False,2,1.795807548825804,0.051722222386448725,0.9,10
200,0.5,h2+3+4,False,3,1.796935378056893,0.04669197413170752,1.0,10
200,0.5,h2+3+4,False,4,1.7924848965403857,0.04532121193205842,1.0,10
200,0.5,h2+3+4,False,5,1.7852736894607666,0.04108488174399624,1.0,10
200,0.5,h2+3+4,True,1,1.8153620684549856,0.05808511210154511,1.0,10
200,0.5,h2+3+4,True,2,1.7861214471336049,0.05383333573037206,1.0,10
200,0.5,h2+3+4,True,3,1.7789182473745242,0.05191156175835471,1.0,10
200,0.5,h2+3+4,True,4,1.7782120443524998,0.05108504390482091,1.0,10
200,0.5,h2+3+4,True,5,1.7701294360347735,0.05148457915269903,1.0,10
200,0.5,h3,False,1,1.7806663827957603,0.05928942256058546,1.0,10
200,0.5,h3,False,2,1.7673449168558133,0.039810577740290926,1.0,10
200,0.5,h3,False,3,1.7626738515873797,0.03856134751903084,1.0,10
200,0.5,h3,False,4,1.7596837274416686,0.0430102454809273,1.0,10
200,0.5,h3,False,5,1.7554773098154992,0.040179279897026195,1.0,10
200,0.5,h3,True,1,1.8523351995693091,0.07042702437490007,1.0,10
200,0.5,h3,True,2,1.8294007909969523,0.07297541818868845,1.0,10
200,0.5,h3,True,3,1.8216599816744061,0.06755146916368306,1.0,10
200,0.5,h3,True,4,1.8172390349249625,0.07012086964138152,1.0,10
200,0.5,h3,True,5,1.8154487768773482,0.07233627493638764,1.0,10
200,0.5,h4,False,1,1.8040247794764326,0.05247107359822721,1.0,10
200,0.5,h4,False,2,1.7950477840490104,0.05537692281906176,1.0,10
200,0.5,h4,False,3,1.786441579338171,0.04926250291451079,1.0,10
200,0.5,h4,False,4,1.782000269702325,0.04812278422054117,1.0,10
200,0.5,h4,False,5,1.7751393166074068,0.05071338877719051,1.0,10
200,0.5,h4,True,1,1.8259371082804816,0.07471548190217012,1.0,10
200,0.5,h4,True,2,1.7987773293580893,0.07314234978137128,1.0,10
200,0.5,h4,True,3,1.7907492743591242,0.06952342051104304,1.0,10
200,0.5,h4,True,4,1.7838016692257508,0.06845836644506621,1.0,10
200,0.5,h4,True,5,1.7813873559425155,0.06485792745169341,1.0,10
300,0.0,h2,False,1,1.291820184571611,0.010512995700099625,1.0,10
300,0.0,h2,False,2,1.285962369517224,0.008594133775687685,1.0,10
300,0.0,h2,False,3,1.28496948217417,0.007967920401879835,1.0,10
300,0.0,h2,False,4,1.2824147271744344,0.00731267088631609,1.0,10
300,0.0,h2,False,5,1.2818304187323453,0.007406466671348269,1.0,10
300,0.0,h2,True,1,1.291820184571611,0.010512995700099625,1.0,10
300,0.0,h2,True,2,1.285962369517224,0.008594133775687685,1.0,10
300,0.0,h2,True,3,1.28496948217417,0.007967920401879835,1.0,10
300,0.0,h2,True,4,1.2824147271744344,0.00731267088631609,1.0,10
300,0.0,h2,True,5,1.2818304187323453,0.007406466671348269,1.0,10
300,0.0,h2+3,False,1,1.3119199352699027,0.008218768245714783,1.0,10
300,0.0,h2+3,False,2,1.3082528840905499,0.007698009234092729,1.0,10
300,0.0,h2+3,False,3,1.3054439707476146,0.006865414871334583,1.0,10
300,0.0,h2+3,False,4,1.3035362617651545,0.004435382224288134,1.0,10
300,0.0,h2+3,False,5,1.3033734028756239,0.004596668619794023,1.0,10
300,0.0,h2+3,True,1,1.3119199352699027,0.008218768245714783,1.0,10
300,0.0,h2+3,True,2,1.3082528840905499,0.007698009234092729,1.0,10
300,0.0,h2+3,True,3,1.3054439707476146,0.006865414871334583,1.0,10
300,0.0,h2+3,True,4,1.3035362617651545,0.004435382224288134,1.0,10
300,0.0,h2+3,True,5,1.3033734028756239,0.004596668619794023,1.0,10
300,0.0,h2+3+4,False,1,1.3258524921654824,0.007427601858001918,1.0,10
300,0.0,h2+3+4,False,2,1.3230314344451806,0.008251386064276908,1.0,10
300,0.0,h2+3+4,False,3,1.3205700650113177,0.006588649801731394,1.0,10
300,0.0,h2+3+4,False,4,1.3189973145578802,0.007468464090793004,1.0,10
300,0.0,h2+3+4,False,5,1.3189973145578802,0.007468464090793004,1.0,10
300,0.0,h2+3+4,True,1,1.3258524921654824,0.007427601858001918,1.0,10
300,0.0,h2+3+4,True,2,1.3230314344451806,0.008251386064276908,1.0,10
300,0.0,h2+3+4,True,3,1.3205700650113177,0.006588649801731394,1.0,10
300,0.0,h2+3+4,True,4,1.3189973145578802,0.007468464090793004,1.0,10
300,0.0,h2+3+4,True,5,1.3189973145578802,0.007468464090793004,1.0,10
300,0.0,h3,False,1,1.312178341897965,0.007594049835920275,1.0,10
300,0.0,h3,False,2,1.3087802261341277,0.006446991541383218,1.0,10
300,0.0,h3,False,3,1.3064865990656727,0.006486115513205913,1.0,10
300,0.0,h3,False,4,1.3052216452903547,0.006178290295868011,1.0,10
300,0.0,h3,False,5,1.3051957950010409,0.006142334182260904,1.0,10
300,0.0,h3,True,1,1.312178341897965,0.007594049835920275,1.0,10
300,0.0,h3,True,2,1.3087802261341277,0.006446991541383218,1.0,10
300,0.0,h3,True,3,1.3064865990656727,0.006486115513205913,1.0,10
300,0.0,h3,True,4,1.3052216452903547,0.006178290295868011,1.0,10
300,0.0,h3,True,5,1.3051957950010409,0.006142334182260904,1.0,10
300,0.0,h4,False,1,1.3269630666925312,0.006884192257748828,1.0,10
300,0.0,h4,False,2,1.3231514121603971,0.008310402586155577,1.0,10
300,0.0,h4,False,3,1.320967551397103,0.006678769667156027,1.0,10
300,0.0,h4,False,4,1.3202911494236225,0.006604848706718366,1.0,10
300,0.0,h4,False,5,1.3202776767851483,0.006627477504123388,1.0,10
300,0.0,h4,True,1,1.3269630666925312,0.006884192257748828,1.0,10
300,0.0,h4,True,2,1.3231514121603971,0.008310402586155577,1.0,10
300,0.0,h4,True,3,1.320967551397103,0.006678769667156027,1.0,10
300,0.0,h4,True,4,1.3202911494236225,0.006604848706718366,1.0,10
300,0.0,h4,True,5,1.3202776767851483,0.006627477504123388,1.0,10
300,0.1,h2,False,1,1.3299153008204359,0.014152520720260488,1.0,10
300,0.1,h2,False,2,1.3255293639436054,0.008459621815885351,1.0,10
300,0.1,h2,False,3,1.3217564351382323,0.00798142974328741,1.0,10
300,0.1,h2,False,4,1.3193151607554912,0.008787289087851622,1.0,10
300,0.1,h2,False,5,1.3193151607554912,0.008787289087851622,1.0,10
300,0.1,h2,True,1,1.3299340893495044,0.008449071626062664,1.0,10
300,0.1,h2,True,2,1.324214740733924,0.0075175280836163524,1.0,10
300,0.1,h2,True,3,1.3231463604829297,0.007238070720010158,1.0,10
300,0.1,h2,True,4,1.322674761145197,0.007143367159347698,1.0,10
300,0.1,h2,True,5,1.3222553025349313,0.0077471228983052205,1.0,10
300,0.1,h2+3,False,1,1.3396769612768893,0.009019489190695222,1.0,10
300,0.1,h2+3,False,2,1.3393124431305987,0.008914723898993733,1.0,10
300,0.1,h2+3,False,3,1.337331724849132,0.006114637710171322,1.0,10
300,0.1,h2+3,False,4,1.335095250342576,0.006129384849088874,1.0,10
300,0.1,h2+3,False,5,1.332766966224242,0.00692744642790071,1.0,10
300,0.1,h2+3,True,1,1.3428955794913169,0.010786976343989035,1.0,10
300,0.1,h2+3,True,2,1.3366290444346374,0.008214933401640227,1.0,10
300,0.1,h2+3,True,3,1.33605889399793,0.008026817743678848,1.0,10
300,0.1,h2+3,True,4,1.3350812100443312,0.008344478137512542,1.0,10
300,0.1,h2+3,True,5,1.3334723019018155,0.008976810295746237,1.0,10
300,0.1,h2+3+4,False,1,1.3529977889039635,0.010463472547083257,1.0,10
300,0.1,h2+3+4,False,2,1.3487117877225567,0.007704465357713685,1.0,10
300,0.1,h2+3+4,False,3,1.3450873938734964,0.007970676703050288,1.0,10
300,0.1,h2+3+4,False,4,1.3425244112627672,0.0065146775782121465,1.0,10
300,0.1,h2+3+4,False,5,1.3425244112627672,0.0065146775782121465,1.0,10
300,0.1,h2+3+4,True,1,1.351785574455453,0.01044567277935436,1.0,10
300,0.1,h2+3+4,True,2,1.3476669642844936,0.008569748294575725,1.0,10
300,0.1,h2+3+4,True,3,1.347286647540051,0.008589093262632623,1.0,10
300,0.1,h2+3+4,True,4,1.3430939842637755,0.007268668901876869,1.0,10
300,0.1,h2+3+4,True,5,1.3428606216676204,0.007306926489366003,1.0,10
300,0.1,h3,False,1,1.3380709283280523,0.009877365012777946,1.0,10
300,0.1,h3,False,2,1.3369764560160238,0.00914330501889207,1.0,10
300,0.1,h3,False,3,1.336119701074566,0.007814917917521664,1.0,10
300,0.1,h3,False,4,1.3335256791699188,0.006718595838470176,1.0,10
300,0.1,h3,False,5,1.3319923657565869,0.008876452911418172,1.0,10
300,0.1,h3,True,1,1.342011409777732,0.009350394557750096,1.0,10
300,0.1,h3,True,2,1.3385798662995216,0.006207889994237139,1.0,10
300,0.1,h3,True,3,1.3365427630119986,0.00631284780223629,1.0,10
300,0.1,h3,True,4,1.3348163136593008,0.005582955652666839,1.0,10
300,0.1,h3,True,5,1.3340721341178006,0.006118085326805954,1.0,10
300,0.1,h4,False,1,1.351977222405551,0.011589188051872826,1.0,10
300,0.1,h4,False,2,1.3471311802215427,0.01180931335424383,1.0,10
300,0.1,h4,False,3,1.3433646149646847,0.01015060125141797,1.0,10
300,0.1,h4,False,4,1.3415473740054638,0.009864024822672582,1.0,10
300,0.1,h4,False,5,1.341431857483093,0.009635556449928799,1.0,10
300,0.1,h4,True,1,1.3517315246900403,0.00985470774931011,1.0,10
300,0.1,h4,True,2,1.3488985725406109,0.008592320624669553,1.0,10
300,0.1,h4,True,3,1.345800709790823,0.006594242798388217,1.0,10
300,0.1,h4,True,4,1.3432884198758541,0.007734139594185704,1.0,10
300,0.1,h4,True,5,1.3417950912238314,0.007331027570723978,1.0,10
300,0.3,h2,False,1,1.4555262833888218,0.020911912638157424,1.0,10
300,0.3,h2,False,2,1.449639796273888,0.019390456848662856,1.0,10
300,0.3,h2,False,3,1.4478592951572649,0.019604776978143782,1.0,10
300,0.3,h2,False,4,1.4464772972961553,0.02063110025691798,1.0,10
300,0.3,h2,False,5,1.4464772972961553,0.02063110025691798,1.0,10
300,0.3,h2,True,1,1.4659667839525983,0.019027460063697998,1.0,10
300,0.3,h2,True,2,1.4622098484920134,0.019146677045287927,1.0,10
300,0.3,h2,True,3,1.4568748570987284,0.018235617553212156,1.0,10
300,0.3,h2,True,4,1.453794971876859,0.019939153631062075,1.0,10
300,0.3,h2,True,5,1.4514889456940736,0.021754283774014307,1.0,10
300,0.3,h2+3,False,1,1.4357469122617414,0.015905748535738926,1.0,10
300,0.3,h2+3,False,2,1.434347738236251,0.017063179268600147,1.0,10
300,0.3,h2+3,False,3,1.4322358479288695,0.020230783563951252,1.0,10
300,0.3,h2+3,False,4,1.430454016662369,0.019663150420090064,1.0,10
300,0.3,h2+3,False,5,1.428277283041848,0.01932318516077304,1.0,10
300,0.3,h2+3,True,1,1.4443216737313462,0.0177504679545121,1.0,10
300,0.3,h2+3,True,2,1.4374042075107403,0.015796695850502793,1.0,10
300,0.3,h2+3,True,3,1.4334946852615778,0.017768116602390367,1.0,10
300,0.3,h2+3,True,4,1.4309974459576853,0.017438612213380264,1.0,10
300,0.3,h2+3,True,5,1.428529579014873,0.017782592730306683,1.0,10
300,0.3,h2+3+4,False,1,1.4488341378488054,0.015568833659487216,1.0,10
300,0.3,h2+3+4,False,2,1.440833294499535,0.014530257764350856,1.0,10
300,0.3,h2+3+4,False,3,1.4383140632513247,0.016090541362038056,1.0,10
300,0.3,h2+3+4,False,4,1.4368855189242982,0.014788042846141719,1.0,10
300,0.3,h2+3+4,False,5,1.4357212267999764,0.014287278185407372,1.0,10
300,0.3,h2+3+4,True,1,1.4533375267920465,0.01641357965227965,1.0,10
300,0.3,h2+3+4,True,2,1.449026374573073,0.012027167213329797,1.0,10
300,0.3,h2+3+4,True,3,1.446264377140579,0.010529522995492086,1.0,10
300,0.3,h2+3+4,True,4,1.4450784837573525,0.00949611444376143,1.0,10
300,0.3,h2+3+4,True,5,1.4450580253293712,0.009477217670232305,1.0,10
300,0.3,h3,False,1,1.4426516457341587,0.018482537126683497,1.0,10
300,0.3,h3,False,2,1.4400608708588347,0.018489933840411518,1.0,10
300,0.3,h3,False,3,1.437964328815553,0.017419122622002275,1.0,10
300,0.3,h3,False,4,1.436310973792342,0.015740045568108377,1.0,10
300,0.3,h3,False,5,1.4295790999450144,0.0166064861104956,1.0,10
300,0.3,h3,True,1,1.4452694580824414,0.01525534195056888,1.0,10
300,0.3,h3,True,2,1.4368980116963237,0.015924203874615624,1.0,10
300,0.3,h3,True,3,1.4338745791866003,0.01731449777284976,1.0,10
300,0.3,h3,True,4,1.431522012314028,0.01744402823468451,1.0,10
300,0.3,h3,True,5,1.429553546096551,0.01977743676138997,1.0,10
300,0.3,h4,False,1,1.4461948760581325,0.012857285782016458,1.0,10
300,0.3,h4,False,2,1.4410706767490635,0.01290484112274285,1.0,10
300,0.3,h4,False,3,1.4405531543195018,0.013519518013433545,1.0,10
300,0.3,h4,False,4,1.437599937743795,0.012448914248844655,1.0,10
300,0.3,h4,False,5,1.435752793029851,0.01142532161466629,1.0,10
300,0.3,h4,True,1,1.4514711999063659,0.019993660350032496,1.0,10
300,0.3,h4,True,2,1.445066281531854,0.014305256980149854,1.0,10
300,0.3,h4,True,3,1.4446684520202298,0.013976315808033055,1.0,10
300,0.3,h4,True,4,1.4420458183614948,0.012771746472869737,1.0,10
300,0.3,h4,True,5,1.4420458183614948,0.012771746472869737,1.0,10
300,0.5,h2,False,1,1.9872454136843851,0.09577772808300151,0.9,10
300,0.5,h2,False,2,1.908066551778016,0.10535535032603385,0.9,10
300,0.5,h2,False,3,1.8954986681817343,0.10192620457069632,0.9,10
300,0.5,h2,False,4,1.8842947946807922,0.10187184243425267,0.9,10
300,0.5,h2,False,5,1.8831339553937987,0.1001223440344165,0.9,10
300,0.5,h2,True,1,1.8885963073547931,0.09834195088982785,1.0,10
300,0.5,h2,True,2,1.864331945284757,0.07119343321076291,1.0,10
300,0.5,h2,True,3,1.859755419498179,0.07086006356868237,1.0,10
300,0.5,h2,True,4,1.8589011041691552,0.07008056383791668,1.0,10
300,0.5,h2,True,5,1.8518795100263254,0.07622872734633195,1.0,10
300,0.5,h2+3,False,1,1.744152211180332,0.05119733507127219,1.0,10
300,0.5,h2+3,False,2,1.7385186274429465,0.05483842453634006,1.0,10
300,0.5,h2+3,False,3,1.7273264632267522,0.0560779944037978,1.0,10
300,0.5,h2+3,False,4,1.7273264632267522,0.0560779944037978,1.0,10
300,0.5,h2+3,False,5,1.721097747641456,0.051252484074486716,1.0,10
300,0.5,h2+3,True,1,1.8090945679513262,0.053234193761999477,1.0,10
300,0.5,h2+3,True,2,1.793893211190916,0.05164405608760336,1.0,10
300,0.5,h2+3,True,3,1.7868956423771478,0.05399015601897914,1.0,10
300,0.5,h2+3,True,4,1.775723604511094,0.06395395821022017,1.0,10
300,0.5,h2+3,True,5,1.7752547063504438,0.06379637332796119,1.0,10
300,0.5,h2+3+4,False,1,1.7678251574568722,0.052059397137777116,1.0,10
300,0.5,h2+3+4,False,2,1.763159667162204,0.0541909079767779,1.0,10
300,0.5,h2+3+4,False,3,1.751533143419279,0.049249546837476406,1.0,10
300,0.5,h2+3+4,False,4,1.748936931434305,0.050916771326610266,1.0,10
300,0.5,h2+3+4,False,5,1.7485876358977432,0.05123743113306425,1.0,10
300,0.5,h2+3+4,True,1,1.7779052618445772,0.053804047334512876,0.9,10
300,0.5,h2+3+4,True,2,1.7456855840301784,0.04715644892076288,1.0,10
300,0.5,h2+3+4,True,3,1.7456855840301784,0.04715644892076288,1.0,10
300,0.5,h2+3+4,True,4,1.7447707251075193,0.04767901402663947,1.0,10
300,0.5,h2+3+4,True,5,1.7441673929978563,0.047878411880198916,1.0,10
300,0.5,h3,False,1,1.7545750019058262,0.053031035301948436,1.0,10
300,0.5,h3,False,2,1.7352461411255402,0.05279529631061807,1.0,10
300,0.5,h3,False,3,1.7336643371397815,0.05192971009500639,1.0,10
300,0.5,h3,False,4,1.7307574449026053,0.051729051060962775,1.0,10
300,0.5,h3,False,5,1.7293272920384504,0.05420347794460992,1.0,10
300,0.5,h3,True,1,1.7941116503972894,0.08329016277286264,1.0,10
300,0.5,h3,True,2,1.7858307033281993,0.07192611077856756,1.0,10
300,0.5,h3,True,3,1.7810586395017243,0.06823809652287757,1.0,10
300,0.5,h3,True,4,1.7759011109337723,0.06646260076205873,1.0,10
300,0.5,h3,True,5,1.7722319034789227,0.06364314845971589,1.0,10
300,0.5,h4,False,1,1.7590860469144816,0.055532168697642666,1.0,10
300,0.5,h4,False,2,1.7542525944124894,0.05021887503903639,1.0,10
300,0.5,h4,False,3,1.7422902121181534,0.047104168698620594,1.0,10
300,0.5,h4,False,4,1.7390745911399061,0.04434820156681476,1.0,10
300,0.5,h4,False,5,1.7368858051917553,0.04541487504660616,1.0,10
300,0.5,h4,True,1,1.7691286967073494,0.044515969573730385,1.0,10
300,0.5,h4,True,2,1.7470799301657922,0.04882552706596913,1.0,10
300,0.5,h4,True,3,1.7412223181586348,0.04570676095675949,1.0,10
300,0.5,h4,True,4,1.7404968267099648,0.04542079830780103,1.0,10
300,0.5,h4,True,5,1.7357115590467167,0.049342997204013875,1.0,10
400,0.0,h2,False,1,1.2876122610354321,0.008638971413932607,1.0,10
400,0.0,h2,False,2,1.282584082151529,0.006912246748380487,1.0,10
400,0.0,h2,False,3,1.2798801404739524,0.006796073965332999,1.0,10
400,0.0,h2,False,4,1.2780641368416947,0.006808717628202311,1.0,10
400,0.0,h2,False,5,1.2769633777080345,0.006463332574221093,1.0,10
400,0.0,h2,True,1,1.2876122610354321,0.008638971413932607,1.0,10
400,0.0,h2,True,2,1.282584082151529,0.006912246748380487,1.0,10
400,0.0,h2,True,3,1.2798801404739524,0.006796073965332999,1.0,10
400,0.0,h2,True,4,1.2780641368416947,0.006808717628202311,1.0,10
400,0.0,h2,True,5,1.2769633777080345,0.006463332574221093,1.0,10
400,0.0,h2+3,False,1,1.3064147463389955,0.00864390995587567,1.0,10
400,0.0,h2+3,False,2,1.303543522966505,0.006020833388415514,1.0,10
400,0.0,h2+3,False,3,1.3029248851159112,0.006564977419920403,1.0,10
400,0.0,h2+3,False,4,1.3008884540588066,0.006783709741814853,1.0,10
400,0.0,h2+3,False,5,1.300814543624695,0.0067119982748763615,1.0,10
400,0.0,h2+3,True,1,1.3064147463389955,0.00864390995587567,1.0,10
400,0.0,h2+3,True,2,1.303543522966505,0.006020833388415514,1.0,10
400,0.0,h2+3,True,3,1.3029248851159112,0.006564977419920403,1.0,10
400,0.0,h2+3,True,4,1.3008884540588066,0.006783709741814853,1.0,10
400,0.0,h2+3,True,5,1.300814543624695,0.0067119982748763615,1.0,10
400,0.0,h2+3+4,False,1,1.322414238741217,0.010512413288830336,1.0,10
400,0.0,h2+3+4,False,2,1.3193361470995004,0.008433113462780107,1.0,10
400,0.0,h2+3+4,False,3,1.3193361470995004,0.008433113462780107,1.0,10
400,0.0,h2+3+4,False,4,1.316921840273638,0.006737177326680636,1.0,10
400,0.0,h2+3+4,False,5,1.3159863665333802,0.006387945826930599,1.0,10
400,0.0,h2+3+4,True,1,1.322414238741217,0.010512413288830336,1.0,10
400,0.0,h2+3+4,True,2,1.3193361470995004,0.008433113462780107,1.0,10
400,0.0,h2+3+4,True,3,1.3193361470995004,0.008433113462780107,1.0,10
400,0.0,h2+3+4,True,4,1.316921840273638,0.006737177326680636,1.0,10
400,0.0,h2+3+4,True,5,1.3159863665333802,0.006387945826930599,1.0,10
400,0.0,h3,False,1,1.3058871295113845,0.009391370674780769,1.0,10
400,0.0,h3,False,2,1.303119405168759,0.008030977826874197,1.0,10
400,0.0,h3,False,3,1.301403554328567,0.008910324003216811,1.0,10
400,0.0,h3,False,4,1.3005689627488188,0.008544050025430428,1.0,10
400,0.0,h3,False,5,1.2998429008790449,0.007916108433150802,1.0,10
400,0.0,h3,True,1,1.3058871295113845,0.009391370674780769,1.0,10
400,0.0,h3,True,2,1.303119405168759,0.008030977826874197,1.0,10
400,0.0,h3,True,3,1.301403554328567,0.008910324003216811,1.0,10
400,0.0,h3,True,4,1.3005689627488188,0.008544050025430428,1.0,10
400,0.0,h3,True,5,1.2998429008790449,0.007916108433150802,1.0,10
400,0.0,h4,False,1,1.3226792619403056,0.009238507799419335,1.0,10
400,0.0,h4,False,2,1.3199333792098422,0.008660185974156086,1.0,10
400,0.0,h4,False,3,1.3199333792098422,0.008660185974156086,1.0,10
400,0.0,h4,False,4,1.3163323298815,0.007171488547772673,1.0,10
400,0.0,h4,False,5,1.3153638934168264,0.006863424114476104,1.0,10
400,0.0,h4,True,1,1.3226792619403056,0.009238507799419335,1.0,10
400,0.0,h4,True,2,1.3199333792098422,0.008660185974156086,1.0,10
400,0.0,h4,True,3,1.3199333792098422,0.008660185974156086,1.0,10
400,0.0,h4,True,4,1.3163323298815,0.007171488547772673,1.0,10
400,0.0,h4,True,5,1.3153638934168264,0.006863424114476104,1.0,10
400,0.1,h2,False,1,1.311981257368364,0.014451983803079512,1.0,10
400,0.1,h2,False,2,1.307787378225545,0.012061520626174596,1.0,10
400,0.1,h2,False,3,1.3056862215672271,0.01132718353057665,1.0,10
400,0.1,h2,False,4,1.3049807780654508,0.010794743360324984,1.0,10
400,0.1,h2,False,5,1.3049807780654508,0.010794743360324984,1.0,10
400,0.1,h2,True,1,1.3130255382442866,0.011191858525367205,1.0,10
400,0.1,h2,True,2,1.3079335654301407,0.007957458151756995,1.0,10
400,0.1,h2,True,3,1.3065860388237087,0.009020483434017788,1.0,10
400,0.1,h2,True,4,1.3041023072323237,0.010607473099530824,1.0,10
400,0.1,h2,True,5,1.301171744515738,0.010724557969071164,1.0,10
400,0.1,h2+3,False,1,1.3314947619877968,0.012234262534806955,1.0,10
400,0.1,h2+3,False,2,1.3247931168494214,0.010395298959841964,1.0,10
400,0.1,h2+3,False,3,1.3245511342362817,0.010362617737035961,1.0,10
400,0.1,h2+3,False,4,1.3236952141329437,0.009478451156103828,1.0,10
400,0.1,h2+3,False,5,1.3234832944232275,0.009255511842671248,1.0,10
400,0.1,h2+3,True,1,1.32651552170563,0.006270524757967951,1.0,10
400,0.1,h2+3,True,2,1.3237583902776804,0.007882375523180673,1.0,10
400,0.1,h2+3,True,3,1.323215475517001,0.007887288309954466,1.0,10
400,0.1,h2+3,True,4,1.3231369196795675,0.007908555364838019,1.0,10
400,0.1,h2+3,True,5,1.3211450434271734,0.00675920385771786,1.0,10
400,0.1,h2+3+4,False,1,1.338206815173099,0.009072144855946538,1.0,10
400,0.1,h2+3+4,False,2,1.3368395041684806,0.008958484910878192,1.0,10
400,0.1,h2+3+4,False,3,1.3362682314214536,0.008584204311668462,1.0,10
400,0.1,h2+3+4,False,4,1.3333576711132735,0.007492132112134996,1.0,10
400,0.1,h2+3+4,False,5,1.3330198977214966,0.007875092927371272,1.0,10
400,0.1,h2+3+4,True,1,1.3398731714474406,0.0098997430549083,1.0,10
400,0.1,h2+3+4,True,2,1.3364985286771467,0.007780103326405643,1.0,10
400,0.1,h2+3+4,True,3,1.3342811802226147,0.008438215131591086,1.0,10
400,0.1,h2+3+4,True,4,1.333266526264066,0.007735981174846186,1.0,10
400,0.1,h2+3+4,True,5,1.333266526264066,0.007735981174846186,1.0,10
400,0.1,h3,False,1,1.3313646665624723,0.015005256816933375,1.0,10
400,0.1,h3,False,2,1.3255429231134308,0.011245290809832552,1.0,10
400,0.1,h3,False,3,1.3245233901192746,0.010604122198026393,1.0,10
400,0.1,h3,False,4,1.3242242243430784,0.010741360883245352,1.0,10
400,0.1,h3,False,5,1.3231032253198207,0.01051076885548376,1.0,10
400,0.1,h3,True,1,1.3265284729223918,0.008189069584185095,1.0,10
400,0.1,h3,True,2,1.3254641449111468,0.008366843937442196,1.0,10
400,0.1,h3,True,3,1.3249720471818784,0.008205562428239437,1.0,10
400,0.1,h3,True,4,1.3247739459584,0.008004037605979753,1.0,10
400,0.1,h3,True,5,1.3208368104033643,0.007697987247088516,1.0,10
400,0.1,h4,False,1,1.3375778366789055,0.00840200232637775,1.0,10
400,0.1,h4,False,2,1.335241248554179,0.008316120281948145,1.0,10
400,0.1,h4,False,3,1.3347862532309969,0.007701218341249314,1.0,10
400,0.1,h4,False,4,1.3334079505812788,0.006439708022464401,1.0,10
400,0.1,h4,False,5,1.3331204546342899,0.006889476041729251,1.0,10
400,0.1,h4,True,1,1.340232183393621,0.010390578624434144,1.0,10
400,0.1,h4,True,2,1.336515728830269,0.008518701803903404,1.0,10
400,0.1,h4,True,3,1.3335462036800039,0.008674208090640617,1.0,10
400,0.1,h4,True,4,1.3332727257238137,0.008361389730664786,1.0,10
400,0.1,h4,True,5,1.3332727257238137,0.008361389730664786,1.0,10
400,0.3,h2,False,1,1.443834818694391,0.02184254418428668,1.0,10
400,0.3,h2,False,2,1.438985893750503,0.02087277917177646,1.0,10
400,0.3,h2,False,3,1.437124634295498,0.020958150828770318,1.0,10
400,0.3,h2,False,4,1.4342220642002448,0.017948399048956787,1.0,10
400,0.3,h2,False,5,1.4341356287455276,0.01804749432129996,1.0,10
400,0.3,h2,True,1,1.4452816139082862,0.025412449330775046,1.0,10
400,0.3,h2,True,2,1.4423972940565997,0.027892850088188537,1.0,10
400,0.3,h2,True,3,1.4401825909729808,0.027638671995901153,1.0,10
400,0.3,h2,True,4,1.4364482112603836,0.02464920405637124,1.0,10
400,0.3,h2,True,5,1.4361138075202038,0.024698627288811028,1.0,10
400,0.3,h2+3,False,1,1.4337588938877106,0.017273443352962867,1.0,10
400,0.3,h2+3,False,2,1.427441056722588,0.011159719282691764,1.0,10
400,0.3,h2+3,False,3,1.424039814207663,0.009806044315852507,1.0,10
400,0.3,h2+3,False,4,1.4222164375841653,0.00851228576478855,1.0,10
400,0.3,h2+3,False,5,1.422194771310954,0.008546195181385524,1.0,10
400,0.3,h2+3,True,1,1.4361526674315224,0.01258541715663947,1.0,10
400,0.3,h2+3,True,2,1.4288703172616255,0.009875478042174994,1.0,10
400,0.3,h2+3,True,3,1.4270139099456016,0.010125879528521798,1.0,10
400,0.3,h2+3,True,4,1.4246705827201271,0.010745375541680788,1.0,10
400,0.3,h2+3,True,5,1.4244899367700032,0.010583371112970502,1.0,10
400,0.3,h2+3+4,False,1,1.4421450959453561,0.015599895340603588,1.0,10
400,0.3,h2+3+4,False,2,1.4369885940370204,0.013388573543990824,1.0,10
400,0.3,h2+3+4,False,3,1.4335933526485733,0.01411877867542204,1.0,10
400,0.3,h2+3+4,False,4,1.429921307907856,0.01246528512627478,1.0,10
400,0.3,h2+3+4,False,5,1.429921307907856,0.01246528512627478,1.0,10
400,0.3,h2+3+4,True,1,1.441422966486237,0.01740603025622211,1.0,10
400,0.3,h2+3+4,True,2,1.4375645541263196,0.016897928560330625,1.0,10
400,0.3,h2+3+4,True,3,1.4321423221253637,0.013986002445383443,1.0,10
400,0.3,h2+3+4,True,4,1.4297839114528657,0.015035379019620843,1.0,10
400,0.3,h2+3+4,True,5,1.4297040184339018,0.015040863489695223,1.0,10
400,0.3,h3,False,1,1.43256524945525,0.011813165516908962,1.0,10
400,0.3,h3,False,2,1.429354143176131,0.009208821312078144,1.0,10
400,0.3,h3,False,3,1.421798823556061,0.01012282679448692,1.0,10
400,0.3,h3,False,4,1.420295144044797,0.009905077956175786,1.0,10
400,0.3,h3,False,5,1.4192679103326715,0.01069844758749488,1.0,10
400,0.3,h3,True,1,1.434140583760866,0.010933525109111311,1.0,10
400,0.3,h3,True,2,1.4297732301643757,0.010740478611743003,1.0,10
400,0.3,h3,True,3,1.4277696728390128,0.009886136435855439,1.0,10
400,0.3,h3,True,4,1.425748895182283,0.011194431117493272,1.0,10
400,0.3,h3,True,5,1.425748895182283,0.011194431117493272,1.0,10
400,0.3,h4,False,1,1.4396329098634957,0.011458953540389257,1.0,10
400,0.3,h4,False,2,1.4359036594487706,0.01029384090890647,1.0,10
400,0.3,h4,False,3,1.433962772735619,0.010969963572549061,1.0,10
400,0.3,h4,False,4,1.4307926731101575,0.012518066554952988,1.0,10
400,0.3,h4,False,5,1.4301965224878583,0.012509259248083068,1.0,10
400,0.3,h4,True,1,1.438851732160151,0.017905102050235457,1.0,10
400,0.3,h4,True,2,1.436426524117318,0.017605368735448816,1.0,10
400,0.3,h4,True,3,1.4340279673524086,0.01676344487690805,1.0,10
400,0.3,h4,True,4,1.4324832660139435,0.017606034245370633,1.0,10
400,0.3,h4,True,5,1.4306751691850343,0.01620938201380189,1.0,10
400,0.5,h2,False,1,1.9971903342861435,0.0949867754352664,0.8,10
400,0.5,h2,False,2,2.0128378554828275,0.1687622492069042,1.0,10
400,0.5,h2,False,3,2.0078424580062286,0.17296895438602322,1.0,10
400,0.5,h2,False,4,1.9527336454818087,0.06823512830802302,1.0,10
400,0.5,h2,False,5,1.9418868837395618,0.06314127556108354,1.0,10
400,0.5,h2,True,1,1.8795791923286973,0.07140730769772329,1.0,10
400,0.5,h2,True,2,1.8567027592132928,0.06636076260069988,1.0,10
400,0.5,h2,True,3,1.8459001447867465,0.056498459061213334,1.0,10
400,0.5,h2,True,4,1.8382536901762712,0.057657730527610064,1.0,10
400,0.5,h2,True,5,1.8320952067523002,0.05804397858467516,1.0,10
400,0.5,h2+3,False,1,1.6995541008054893,0.05968926206529874,1.0,10
400,0.5,h2+3,False,2,1.682976742517883,0.03729315054864726,1.0,10
400,0.5,h2+3,False,3,1.6812125115092922,0.03947505393686657,1.0,10
400,0.5,h2+3,False,4,1.673853170779878,0.04756880837607814,1.0,10
400,0.5,h2+3,False,5,1.6699802259004308,0.04752465135074605,1.0,10
400,0.5,h2+3,True,1,1.7398927904588823,0.0685651164631082,1.0,10
400,0.5,h2+3,True,2,1.7197629866806419,0.06326435365148926,1.0,10
400,0.5,h2+3,True,3,1.7197629866806419,0.06326435365148926,1.0,10
400,0.5,h2+3,True,4,1.7161074974941997,0.06142818806580021,1.0,10
400,0.5,h2+3,True,5,1.702981889093309,0.04352288789881045,1.0,10
400,0.5,h2+3+4,False,1,1.7390579171231464,0.07508630280230683,0.8,10
400,0.5,h2+3+4,False,2,1.7331734172599604,0.07663638984907786,0.9,10
400,0.5,h2+3+4,False,3,1.731049583714782,0.07607514067653826,0.9,10
400,0.5,h2+3+4,False,4,1.7214544280506212,0.06478879979545803,0.9,10
400,0.5,h2+3+4,False,5,1.7158461964439558,0.06406239589542062,0.9,10
400,0.5,h2+3+4,True,1,1.7308557251852812,0.050548106556457806,1.0,10
400,0.5,h2+3+4,True,2,1.713394968211491,0.05426807348495318,1.0,10
400,0.5,h2+3+4,True,3,1.7121225646672624,0.05394531583009865,1.0,10
400,0.5,h2+3+4,True,4,1.705754772002378,0.04741096019965675,1.0,10
400,0.5,h2+3+4,True,5,1.705754772002378,0.04741096019965675,1.0,10
400,0.5,h3,False,1,1.713904586223412,0.0459634017935836,1.0,10
400,0.5,h3,False,2,1.6915508991771528,0.04105508213248807,1.0,10
400,0.5,h3,False,3,1.6817395331066884,0.04938734818361929,1.0,10
400,0.5,h3,False,4,1.6729199209499779,0.050577389780438874,1.0,10
400,0.5,h3,False,5,1.6719248341648538,0.0496787240246607,1.0,10
400,0.5,h3,True,1,1.7343011099181733,0.06034219128276874,1.0,10
400,0.5,h3,True,2,1.7165022827082388,0.053691445123835835,1.0,10
400,0.5,h3,True,3,1.7165022827082388,0.053691445123835835,1.0,10
400,0.5,h3,True,4,1.7126143462833254,0.05243042901922467,1.0,10
400,0.5,h3,True,5,1.70265256195032,0.03962063469495021,1.0,10
400,0.5,h4,False,1,1.72347336131244,0.06421292429380515,0.8,10
400,0.5,h4,False,2,1.7146406219243195,0.05848968087799664,0.8,10
400,0.5,h4,False,3,1.7302664232018996,0.07616770516215676,0.9,10
400,0.5,h4,False,4,1.723804825882958,0.06673872551566061,0.9,10
400,0.5,h4,False,5,1.716014740887228,0.06818045099152384,0.9,10
400,0.5,h4,True,1,1.7252580727721885,0.04687350770058504,1.0,10
400,0.5,h4,True,2,1.7061546520404214,0.05076017654138622,1.0,10
400,0.5,h4,True,3,1.7059929916658603,0.05059892835519334,1.0,10
400,0.5,h4,True,4,1.697237004403609,0.045989691948718284,1.0,10
400,0.5,h4,True,5,1.696982073957845,0.04607214198663135,1.0,10
500,0.0,h2,False,1,1.2885070344898673,0.009895043063066185,1.0,10
500,0.0,h2,False,2,1.2801103619612382,0.0078080791413226176,1.0,10
500,0.0,h2,False,3,1.2791197128658518,0.006653106905037892,1.0,10
500,0.0,h2,False,4,1.2780441374448437,0.007883456728021756,1.0,10
500,0.0,h2,False,5,1.2769010853588867,0.008217693066049934,1.0,10
500,0.0,h2,True,1,1.2885070344898673,0.009895043063066185,1.0,10
500,0.0,h2,True,2,1.2801103619612382,0.0078080791413226176,1.0,10
500,0.0,h2,True,3,1.2791197128658518,0.006653106905037892,1.0,10
500,0.0,h2,True,4,1.2780441374448437,0.007883456728021756,1.0,10
500,0.0,h2,True,5,1.2769010853588867,0.008217693066049934,1.0,10
500,0.0,h2+3,False,1,1.3035647066222786,0.0068809539903177215,1.0,10
500,0.0,h2+3,False,2,1.3009402735881685,0.005605832080606391,1.0,10
500,0.0,h2+3,False,3,1.3009402735881685,0.005605832080606391,1.0,10
500,0.0,h2+3,False,4,1.2993423265630355,0.00650103102252909,1.0,10
500,0.0,h2+3,False,5,1.2975698119645311,0.005939431040926954,1.0,10
500,0.0,h2+3,True,1,1.3035647066222786,0.0068809539903177215,1.0,10
500,0.0,h2+3,True,2,1.3009402735881685,0.005605832080606391,1.0,10
500,0.0,h2+3,True,3,1.3009402735881685,0.005605832080606391,1.0,10
500,0.0,h2+3,True,4,1.2993423265630355,0.00650103102252909,1.0,10
500,0.0,h2+3,True,5,1.2975698119645311,0.005939431040926954,1.0,10
500,0.0,h2+3+4,False,1,1.3175367209489068,0.006077877978697767,1.0,10
500,0.0,h2+3+4,False,2,1.31376558346082,0.0051495203420384205,1.0,10
500,0.0,h2+3+4,False,3,1.3115318620175116,0.004729588750156373,1.0,10
500,0.0,h2+3+4,False,4,1.3115318620175116,0.004729588750156373,1.0,10
500,0.0,h2+3+4,False,5,1.3111578914962778,0.0041245397815631735,1.0,10
500,0.0,h2+3+4,True,1,1.3175367209489068,0.006077877978697767,1.0,10
500,0.0,h2+3+4,True,2,1.31376558346082,0.0051495203420384205,1.0,10
500,0.0,h2+3+4,True,3,1.3115318620175116,0.004729588750156373,1.0,10
500,0.0,h2+3+4,True,4,1.3115318620175116,0.004729588750156373,1.0,10
500,0.0,h2+3+4,True,5,1.3111578914962778,0.0041245397815631735,1.0,10
500,0.0,h3,False,1,1.3029850179753784,0.006075864511529764,1.0,10
500,0.0,h3,False,2,1.3001805333251006,0.005175959496860307,1.0,10
500,0.0,h3,False,3,1.3000104484934352,0.005078318648590189,1.0,10
500,0.0,h3,False,4,1.298603148474377,0.0070610048504689245,1.0,10
500,0.0,h3,False,5,1.2982547832301783,0.0067201690178633295,1.0,10
500,0.0,h3,True,1,1.3029850179753784,0.006075864511529764,1.0,10
500,0.0,h3,True,2,1.3001805333251006,0.005175959496860307,1.0,10
500,0.0,h3,True,3,1.3000104484934352,0.005078318648590189,1.0,10
500,0.0,h3,True,4,1.298603148474377,0.0070610048504689245,1.0,10
500,0.0,h3,True,5,1.2982547832301783,0.0067201690178633295,1.0,10
500,0.0,h4,False,1,1.3166156848713184,0.004820250537006894,1.0,10
500,0.0,h4,False,2,1.3139644217634623,0.004135091631650659,1.0,10
500,0.0,h4,False,3,1.312043913233378,0.004604368045186476,1.0,10
500,0.0,h4,False,4,1.3118980682505932,0.004647807210977057,1.0,10
500,0.0,h4,False,5,1.3113356592467764,0.004102849625848631,1.0,10
500,0.0,h4,True,1,1.3166156848713184,0.004820250537006894,1.0,10
500,0.0,h4,True,2,1.3139644217634623,0.004135091631650659,1.0,10
500,0.0,h4,True,3,1.312043913233378,0.004604368045186476,1.0,10
500,0.0,h4,True,4,1.3118980682505932,0.004647807210977057,1.0,10
500,0.0,h4,True,5,1.3113356592467764,0.004102849625848631,1.0,10
500,0.1,h2,False,1,1.310078447601395,0.012062570239369559,1.0,10
500,0.1,h2,False,2,1.3073388071271759,0.011352536392781384,1.0,10
500,0.1,h2,False,3,1.3035882602206506,0.00661582957656805,1.0,10
500,0.1,h2,False,4,1.3018551013603454,0.005139849870807256,1.0,10
500,0.1,h2,False,5,1.3015003226259458,0.005326845449368821,1.0,10
500,0.1,h2,True,1,1.31225512568917,0.01018165895671124,1.0,10
500,0.1,h2,True,2,1.3036063680616077,0.007468512778768748,1.0,10
500,0.1,h2,True,3,1.3030328175562267,0.00714944604877526,1.0,10
500,0.1,h2,True,4,1.3024781324407653,0.006942062087196231,1.0,10
500,0.1,h2,True,5,1.301790663543209,0.006335017973525042,1.0,10
500,0.1,h2+3,False,1,1.3315124433764636,0.007479739588592976,1.0,10
500,0.1,h2+3,False,2,1.3275103299753526,0.007494611236902732,1.0,10
500,0.1,h2+3,False,3,1.3265934229643417,0.0072963172068774545,1.0,10
500,0.1,h2+3,False,4,1.3258969414424713,0.006625133982770818,1.0,10
500,0.1,h2+3,False,5,1.324537922172396,0.00478808670930418,1.0,10
500,0.1,h2+3,True,1,1.3306329558202976,0.0065314915968319575,1.0,10
500,0.1,h2+3,True,2,1.327626390839265,0.004941033492533831,1.0,10
500,0.1,h2+3,True,3,1.3264312483946774,0.003827757167252059,1.0,10
500,0.1,h2+3,True,4,1.3257862365787845,0.004437771930262798,1.0,10
500,0.1,h2+3,True,5,1.3257862365787845,0.004437771930262798,1.0,10
500,0.1,h2+3+4,False,1,1.3416534168859706,0.005216216257865409,1.0,10
500,0.1,h2+3+4,False,2,1.337066782922713,0.005215283506755719,1.0,10
500,0.1,h2+3+4,False,3,1.3348029554223988,0.003154500559114471,1.0,10
500,0.1,h2+3+4,False,4,1.3347485236495347,0.0031904199131916324,1.0,10
500,0.1,h2+3+4,False,5,1.3341617061055557,0.002610445830896073,1.0,10
500,0.1,h2+3+4,True,1,1.3399007346562237,0.005836175816585632,1.0,10
500,0.1,h2+3+4,True,2,1.3372678183508886,0.006440112307301398,1.0,10
500,0.1,h2+3+4,True,3,1.3350219730489052,0.005572508065841346,1.0,10
500,0.1,h2+3+4,True,4,1.3340154578807115,0.005646721495648017,1.0,10
500,0.1,h2+3+4,True,5,1.3332095564611866,0.005554658176528722,1.0,10
500,0.1,h3,False,1,1.3314535693420892,0.010267809614782596,1.0,10
500,0.1,h3,False,2,1.3276069781340314,0.008336515642754077,1.0,10
500,0.1,h3,False,3,1.3269801207094916,0.007344060117387189,1.0,10
500,0.1,h3,False,4,1.3251222315349755,0.006511059008482571,1.0,10
500,0.1,h3,False,5,1.3239233443120142,0.005766476086215292,1.0,10
500,0.1,h3,True,1,1.3312360755102768,0.005445208342510559,1.0,10
500,0.1,h3,True,2,1.3287746336992305,0.005833148249661336,1.0,10
500,0.1,h3,True,3,1.327733685986745,0.004889032283593014,1.0,10
500,0.1,h3,True,4,1.325601202774188,0.005297074584175913,1.0,10
500,0.1,h3,True,5,1.325601202774188,0.005297074584175913,1.0,10
500,0.1,h4,False,1,1.3414328752775904,0.0033691587321926387,1.0,10
500,0.1,h4,False,2,1.3377522034732816,0.0034819991532668904,1.0,10
500,0.1,h4,False,3,1.3365065081433898,0.0023658399620385974,1.0,10
500,0.1,h4,False,4,1.3365065081433898,0.0023658399620385974,1.0,10
500,0.1,h4,False,5,1.3357809422526425,0.003093574739217076,1.0,10
500,0.1,h4,True,1,1.3383406231980395,0.0059002796268036485,1.0,10
500,0.1,h4,True,2,1.336004883020927,0.0058344626984909885,1.0,10
500,0.1,h4,True,3,1.333215811021811,0.006864646318049238,1.0,10
500,0.1,h4,True,4,1.3323258563320317,0.00640671889676842,1.0,10
500,0.1,h4,True,5,1.3317467490916497,0.0059924235350065705,1.0,10
500,0.3,h2,False,1,1.4427319387650972,0.025233960143027315,1.0,10
500,0.3,h2,False,2,1.4377139575997124,0.024179312786815118,1.0,10
500,0.3,h2,False,3,1.434100822582651,0.024865475508263894,1.0,10
500,0.3,h2,False,4,1.434100822582651,0.024865475508263894,1.0,10
500,0.3,h2,False,5,1.432140542267386,0.022702274173847282,1.0,10
500,0.3,h2,True,1,1.4447495355940216,0.02576061252811186,1.0,10
500,0.3,h2,True,2,1.4415396117213142,0.024591282105602193,1.0,10
500,0.3,h2,True,3,1.4377975627412423,0.02321768202362977,1.0,10
500,0.3,h2,True,4,1.4377975627412423,0.02321768202362977,1.0,10
500,0.3,h2,True,5,1.4352281694057476,0.02383028758067171,1.0,10
500,0.3,h2+3,False,1,1.42212085490119,0.013469489870207869,1.0,10
500,0.3,h2+3,False,2,1.4181467510813295,0.013625828801028101,1.0,10
500,0.3,h2+3,False,3,1.4153299393444216,0.014433332243292659,1.0,10
500,0.3,h2+3,False,4,1.4117829818611223,0.012878891204863019,1.0,10
500,0.3,h2+3,False,5,1.4098411962229256,0.013784800723204026,1.0,10
500,0.3,h2+3,True,1,1.4289264709222422,0.019380811110901994,1.0,10
500,0.3,h2+3,True,2,1.4200203532713283,0.018457985920105256,1.0,10
500,0.3,h2+3,True,3,1.4179145119549854,0.015849372625310772,1.0,10
500,0.3,h2+3,True,4,1.4179145119549854,0.015849372625310772,1.0,10
500,0.3,h2+3,True,5,1.4179145119549854,0.015849372625310772,1.0,10
500,0.3,h2+3+4,False,1,1.4276688736218204,0.014333992889958997,1.0,10
500,0.3,h2+3+4,False,2,1.4241087585086851,0.012289643048426512,1.0,10
500,0.3,h2+3+4,False,3,1.4232165616188497,0.012016065498441338,1.0,10
500,0.3,h2+3+4,False,4,1.4209115680827833,0.01296697933564174,1.0,10
500,0.3,h2+3+4,False,5,1.4195460918894753,0.015094110877354487,1.0,10
500,0.3,h2+3+4,True,1,1.4312995719960382,0.019136039370331537,1.0,10
500,0.3,h2+3+4,True,2,1.4296295761187405,0.019993975940557993,1.0,10
500,0.3,h2+3+4,True,3,1.4278310141774926,0.02003770005196152,1.0,10
500,0.3,h2+3+4,True,4,1.4260988590185621,0.017404695961220556,1.0,10
500,0.3,h2+3+4,True,5,1.425194885380845,0.01743456561650899,1.0,10
500,0.3,h3,False,1,1.423649932119038,0.010433764142151768,1.0,10
500,0.3,h3,False,2,1.4208388719173988,0.011001729882440385,1.0,10
500,0.3,h3,False,3,1.417297757871904,0.011505399361141443,1.0,10
500,0.3,h3,False,4,1.4126410270456118,0.014102011530336645,1.0,10
500,0.3,h3,False,5,1.4108976923114231,0.013477914598283786,1.0,10
500,0.3,h3,True,1,1.4323463225094275,0.018700504546418695,1.0,10
500,0.3,h3,True,2,1.425229943927508,0.020979501899940946,1.0,10
500,0.3,h3,True,3,1.4213340322773906,0.01987938800287092,1.0,10
500,0.3,h3,True,4,1.4213340322773906,0.01987938800287092,1.0,10
500,0.3,h3,True,5,1.4200617584197393,0.018848229923058145,1.0,10
500,0.3,h4,False,1,1.42731575122832,0.01316641684685833,1.0,10
500,0.3,h4,False,2,1.4219800592629563,0.01348217266672035,1.0,10
500,0.3,h4,False,3,1.4209726144351573,0.012747921747045574,1.0,10
500,0.3,h4,False,4,1.4187931253119577,0.012737899828923233,1.0,10
500,0.3,h4,False,5,1.4175871600265433,0.014324224682590658,1.0,10
500,0.3,h4,True,1,1.4324859653218456,0.019695805865466282,1.0,10
500,0.3,h4,True,2,1.4297293394411905,0.017157597528547116,1.0,10
500,0.3,h4,True,3,1.4245102557094567,0.01790419718580967,1.0,10
500,0.3,h4,True,4,1.4245102557094567,0.01790419718580967,1.0,10
500,0.3,h4,True,5,1.4244101074403455,0.0178509893922321,1.0,10
500,0.5,h2,False,1,1.9998308567374508,0.10085722309078789,0.4,10
500,0.5,h2,False,2,2.114332465368428,0.2779181317662554,0.5,10
500,0.5,h2,False,3,2.0604261402752893,0.2719463092756622,0.6,10
500,0.5,h2,False,4,2.0373793769237807,0.25087033449097124,0.7,10
500,0.5,h2,False,5,2.036678398637871,0.25106236930532755,0.7,10
500,0.5,h2,True,1,1.9333476518405397,0.07110017317520065,1.0,10
500,0.5,h2,True,2,1.88554442705776,0.057694891526305,1.0,10
500,0.5,h2,True,3,1.8672966539373799,0.044442985280884806,1.0,10
500,0.5,h2,True,4,1.859743781065386,0.04216310237441264,1.0,10
500,0.5,h2,True,5,1.856608657098421,0.04353453553569999,1.0,10
500,0.5,h2+3,False,1,1.6911445272758172,0.03458347955842463,1.0,10
500,0.5,h2+3,False,2,1.680160979332722,0.024900760115645505,1.0,10
500,0.5,h2+3,False,3,1.6698281671419946,0.026408778100035297,1.0,10
500,0.5,h2+3,False,4,1.6676122192800296,0.026168266025592836,1.0,10
500,0.5,h2+3,False,5,1.662436787577736,0.027742013017868987,1.0,10
500,0.5,h2+3,True,1,1.7633247575929523,0.04237309383609753,1.0,10
500,0.5,h2+3,True,2,1.7366147239526275,0.051934691126484064,1.0,10
500,0.5,h2+3,True,3,1.731525996735239,0.052047374908160034,1.0,10
500,0.5,h2+3,True,4,1.7236971387002278,0.05200503468808698,1.0,10
500,0.5,h2+3,True,5,1.7054687892036458,0.04558719597161715,1.0,10
500,0.5,h2+3+4,False,1,1.719752454917836,0.044224076031200724,0.8888888888888888,9
500,0.5,h2+3+4,False,2,1.7068258576617024,0.048467510067191376,0.8888888888888888,9
500,0.5,h2+3+4,False,3,1.7102455660186775,0.048672105362163466,1.0,9
500,0.5,h2+3+4,False,4,1.7025644794303039,0.032783281475335095,1.0,9
500,0.5,h2+3+4,False,5,1.701592828104292,0.03138488557110789,1.0,9
500,0.5,h2+3+4,True,1,1.7201713734538502,0.013292865258079486,0.8,10
500,0.5,h2+3+4,True,2,1.7155759013062277,0.014456530795687277,1.0,10
500,0.5,h2+3+4,True,3,1.709283659092923,0.015593365671064542,1.0,10
500,0.5,h2+3+4,True,4,1.7041805333052267,0.017439959695018697,1.0,10
500,0.5,h2+3+4,True,5,1.6952864564762726,0.021284769086292617,1.0,10
500,0.5,h3,False,1,1.6934441180155546,0.018532892125142513,1.0,10
500,0.5,h3,False,2,1.683924819213909,0.01608163347347429,1.0,10
500,0.5,h3,False,3,1.666100596825618,0.028429680774738005,1.0,10
500,0.5,h3,False,4,1.6642977439255648,0.02851547692976582,1.0,10
500,0.5,h3,False,5,1.656746472135918,0.030126804163227664,1.0,10
500,0.5,h3,True,1,1.7517695840453409,0.04549073648766737,1.0,10
500,0.5,h3,True,2,1.732514957860887,0.04493951007025916,1.0,10
500,0.5,h3,True,3,1.7251863413916524,0.04501216861443114,1.0,10
500,0.5,h3,True,4,1.7179043606514348,0.040240081291220524,1.0,10
500,0.5,h3,True,5,1.705172065969969,0.04215637862122423,1.0,10
500,0.5,h4,False,1,1.7194870373758557,0.059173762395407954,1.0,9
500,0.5,h4,False,2,1.6962557558468183,0.03374339322704337,1.0,9
500,0.5,h4,False,3,1.6958305387345254,0.03357265633342049,1.0,9
500,0.5,h4,False,4,1.6872723709540483,0.026086136303170332,1.0,9
500,0.5,h4,False,5,1.6872723709540483,0.026086136303170332,1.0,9
500,0.5,h4,True,1,1.7176043399357757,0.020175640136090023,0.9,10
500,0.5,h4,True,2,1.709915248879072,0.01740447388432668,1.0,10
500,0.5,h4,True,3,1.7034257582463936,0.018645605136475486,1.0,10
500,0.5,h4,True,4,1.7015987185686126,0.019754395350635393,1.0,10
500,0.5,h4,True,5,1.6956460604327153,0.02347358177157006,1.0,10
